velocity_anomaly,zone_mismatch,device_risk,altitude_anomaly,cell_tower_mismatch,motion_absence,order_absence,is_fraud
0.742,0.929,0.548,0.587,0.41,0.807,0.935,1
0.039,0.081,0.031,0.079,0.063,0.152,0.021,0
0.036,0.148,0.048,0.176,0.142,0.198,0.012,0
0.258,0.013,0.097,0.004,0.11,0.138,0.02,0
0.182,0.125,0.074,0.172,0.099,0.066,0.057,0
0.032,0.093,0.012,0.02,0.115,0.171,0.124,0
0.157,0.116,0.04,0.194,0.099,0.053,0.115,0
0.26,0.07,0.066,0.066,0.09,0.016,0.028,0
0.224,0.016,0.029,0.051,0.114,0.175,0.123,0
0.152,0.159,0.036,0.204,0.034,0.037,0.044,0
0.546,0.416,0.688,0.941,0.438,0.627,0.885,1
0.183,0.182,0.051,0.169,0.072,0.17,0.001,0
0.032,0.143,0.014,0.164,0.145,0.097,0.017,0
0.107,0.113,0.031,0.195,0.011,0.197,0.025,0
0.12,0.196,0.001,0.033,0.093,0.128,0.075,0
0.132,0.161,0.048,0.106,0.031,0.083,0.139,0
0.166,0.183,0.045,0.144,0.12,0.187,0.124,0
0.083,0.059,0.01,0.059,0.012,0.127,0.139,0
0.025,0.054,0.001,0.022,0.054,0.183,0.132,0
0.236,0.046,0.048,0.178,0.096,0.092,0.029,0
0.507,0.738,0.6,0.961,0.48,0.569,0.752,1
0.288,0.163,0.04,0.09,0.133,0.157,0.024,0
0.742,0.678,0.413,0.944,0.72,0.536,0.572,1
0.04,0.083,0.021,0.196,0.078,0.021,0.01,0
0.057,0.004,0.097,0.204,0.005,0.152,0.022,0
0.186,0.102,0.019,0.087,0.061,0.15,0.116,0
0.105,0.133,0.097,0.24,0.095,0.167,0.113,0
0.142,0.159,0.007,0.001,0.006,0.057,0.002,0
0.049,0.049,0.024,0.093,0.147,0.133,0.086,0
0.126,0.075,0.081,0.179,0.115,0.083,0.107,0
0.071,0.037,0.069,0.188,0.012,0.005,0.025,0
0.175,0.005,0.074,0.172,0.116,0.15,0.095,0
0.626,0.701,0.587,0.917,0.552,0.794,0.461,1
0.27,0.177,0.045,0.191,0.125,0.06,0.103,0
0.269,0.136,0.022,0.17,0.129,0.113,0.058,0
0.081,0.045,0.032,0.044,0.106,0.084,0.046,0
0.269,0.02,0.027,0.094,0.134,0.053,0.052,0
0.011,0.017,0.002,0.166,0.137,0.197,0.003,0
0.066,0.072,0.086,0.05,0.101,0.152,0.139,0
0.06,0.135,0.037,0.162,0.14,0.125,0.137,0
0.018,0.062,0.021,0.219,0.043,0.173,0.017,0
0.169,0.178,0.075,0.013,0.055,0.031,0.105,0
0.101,0.076,0.093,0.235,0.024,0.199,0.125,0
0.236,0.101,0.012,0.213,0.032,0.068,0.067,0
0.119,0.151,0.025,0.015,0.024,0.007,0.073,0
0.181,0.093,0.039,0.149,0.136,0.03,0.084,0
0.123,0.095,0.012,0.058,0.119,0.003,0.127,0
0.25,0.049,0.036,0.228,0.033,0.196,0.043,0
0.099,0.165,0.0,0.228,0.123,0.11,0.114,0
0.962,0.501,0.478,0.594,0.88,0.749,0.683,1
0.668,0.414,0.852,0.602,0.53,0.739,0.995,1
0.15,0.025,0.096,0.087,0.081,0.025,0.048,0
0.111,0.116,0.015,0.029,0.065,0.147,0.078,0
0.075,0.177,0.067,0.085,0.093,0.152,0.122,0
0.248,0.109,0.006,0.021,0.027,0.107,0.018,0
0.148,0.006,0.002,0.084,0.096,0.104,0.071,0
0.039,0.174,0.026,0.145,0.127,0.047,0.017,0
0.071,0.036,0.071,0.193,0.031,0.163,0.034,0
0.144,0.051,0.097,0.2,0.032,0.063,0.001,0
0.12,0.028,0.045,0.209,0.13,0.145,0.068,0
0.122,0.074,0.079,0.14,0.132,0.031,0.011,0
0.021,0.07,0.012,0.169,0.073,0.096,0.121,0
0.01,0.197,0.027,0.156,0.058,0.011,0.058,0
0.21,0.12,0.018,0.114,0.014,0.052,0.006,0
0.198,0.002,0.032,0.243,0.129,0.185,0.07,0
0.188,0.063,0.06,0.165,0.076,0.143,0.012,0
0.229,0.031,0.019,0.192,0.042,0.129,0.004,0
0.104,0.173,0.07,0.151,0.096,0.008,0.123,0
0.233,0.153,0.079,0.043,0.073,0.159,0.112,0
0.7,0.433,0.378,0.62,0.684,0.723,0.957,1
0.679,0.425,0.516,0.53,0.846,0.726,0.984,1
0.936,0.559,0.444,0.979,0.665,0.987,0.56,1
0.14,0.032,0.067,0.194,0.023,0.105,0.118,0
0.221,0.064,0.07,0.049,0.145,0.085,0.077,0
0.129,0.077,0.099,0.202,0.069,0.035,0.063,0
0.214,0.198,0.06,0.236,0.046,0.034,0.019,0
0.062,0.129,0.081,0.082,0.143,0.169,0.094,0
0.999,0.91,0.888,0.648,0.443,0.836,0.819,1
0.297,0.17,0.037,0.035,0.063,0.033,0.016,0
0.115,0.148,0.051,0.186,0.07,0.08,0.021,0
0.169,0.133,0.06,0.209,0.003,0.174,0.093,0
0.043,0.146,0.095,0.017,0.143,0.111,0.029,0
0.206,0.033,0.011,0.166,0.016,0.002,0.004,0
0.171,0.163,0.093,0.195,0.1,0.1,0.069,0
0.267,0.144,0.03,0.141,0.128,0.074,0.054,0
0.145,0.117,0.087,0.045,0.063,0.053,0.129,0
0.052,0.11,0.066,0.054,0.126,0.198,0.083,0
0.158,0.148,0.039,0.176,0.133,0.103,0.077,0
0.212,0.194,0.057,0.035,0.004,0.01,0.1,0
0.156,0.079,0.041,0.193,0.141,0.058,0.139,0
0.758,0.549,0.757,0.6,0.829,0.509,0.421,1
0.294,0.183,0.058,0.174,0.115,0.095,0.065,0
0.095,0.036,0.005,0.169,0.085,0.167,0.114,0
0.163,0.121,0.048,0.066,0.07,0.035,0.058,0
0.101,0.022,0.0,0.001,0.011,0.045,0.059,0
0.096,0.054,0.027,0.112,0.006,0.077,0.035,0
0.134,0.179,0.008,0.111,0.046,0.109,0.124,0
0.265,0.167,0.097,0.082,0.036,0.195,0.0,0
0.098,0.024,0.06,0.2,0.095,0.096,0.093,0
0.061,0.103,0.009,0.18,0.089,0.08,0.05,0
0.187,0.172,0.094,0.192,0.092,0.073,0.108,0
0.193,0.01,0.038,0.1,0.099,0.011,0.137,0
0.236,0.103,0.071,0.063,0.009,0.165,0.135,0
0.018,0.169,0.002,0.207,0.053,0.113,0.089,0
0.094,0.082,0.064,0.039,0.025,0.09,0.035,0
0.091,0.023,0.089,0.047,0.087,0.132,0.01,0
0.085,0.167,0.055,0.221,0.13,0.081,0.015,0
0.049,0.15,0.003,0.064,0.07,0.049,0.003,0
0.929,0.427,0.528,0.965,0.438,0.512,0.695,1
0.118,0.033,0.027,0.122,0.127,0.148,0.049,0
0.098,0.159,0.067,0.167,0.142,0.068,0.053,0
0.063,0.083,0.036,0.135,0.014,0.018,0.002,0
0.209,0.086,0.065,0.08,0.012,0.102,0.077,0
0.035,0.169,0.092,0.102,0.004,0.125,0.068,0
0.75,0.432,0.717,0.903,0.454,0.526,0.983,1
0.08,0.179,0.027,0.084,0.016,0.117,0.098,0
0.208,0.079,0.0,0.045,0.047,0.179,0.107,0
0.097,0.067,0.084,0.164,0.118,0.025,0.086,0
0.024,0.116,0.063,0.153,0.124,0.032,0.023,0
0.08,0.059,0.082,0.061,0.126,0.095,0.003,0
0.134,0.028,0.012,0.159,0.042,0.04,0.107,0
0.104,0.058,0.018,0.045,0.148,0.006,0.104,0
0.237,0.17,0.044,0.136,0.081,0.104,0.013,0
0.204,0.121,0.096,0.084,0.129,0.005,0.086,0
0.071,0.045,0.01,0.247,0.088,0.197,0.013,0
0.282,0.13,0.087,0.088,0.107,0.041,0.058,0
0.144,0.053,0.056,0.153,0.069,0.04,0.135,0
0.069,0.004,0.07,0.015,0.014,0.067,0.007,0
0.231,0.177,0.04,0.224,0.07,0.139,0.043,0
0.006,0.142,0.016,0.181,0.027,0.101,0.081,0
0.039,0.183,0.035,0.204,0.002,0.049,0.038,0
0.103,0.101,0.095,0.092,0.09,0.066,0.011,0
0.074,0.122,0.097,0.023,0.072,0.089,0.068,0
0.559,0.747,0.902,0.807,0.743,0.971,0.782,1
0.126,0.138,0.006,0.063,0.076,0.131,0.01,0
0.224,0.073,0.024,0.048,0.143,0.14,0.14,0
0.068,0.004,0.037,0.191,0.105,0.119,0.127,0
0.16,0.153,0.031,0.067,0.145,0.174,0.091,0
0.87,0.556,0.842,0.958,0.899,0.693,0.897,1
0.297,0.107,0.014,0.238,0.049,0.195,0.141,0
0.164,0.024,0.025,0.027,0.077,0.108,0.036,0
0.299,0.09,0.016,0.244,0.019,0.087,0.033,0
0.171,0.193,0.005,0.117,0.017,0.154,0.072,0
0.055,0.067,0.048,0.048,0.115,0.173,0.148,0
0.101,0.054,0.0,0.123,0.117,0.144,0.077,0
0.239,0.08,0.051,0.051,0.031,0.122,0.001,0
0.512,0.874,0.345,0.782,0.955,0.539,0.544,1
0.225,0.192,0.095,0.041,0.148,0.091,0.075,0
0.052,0.151,0.086,0.047,0.071,0.032,0.091,0
0.235,0.097,0.002,0.025,0.01,0.184,0.12,0
0.174,0.2,0.049,0.164,0.106,0.196,0.003,0
0.536,0.887,0.668,0.501,0.55,0.941,0.641,1
0.279,0.189,0.082,0.169,0.068,0.183,0.079,0
0.231,0.014,0.055,0.041,0.067,0.162,0.027,0
0.077,0.181,0.016,0.25,0.093,0.16,0.066,0
0.164,0.087,0.001,0.215,0.024,0.195,0.008,0
0.278,0.127,0.058,0.014,0.096,0.126,0.008,0
0.041,0.05,0.08,0.022,0.084,0.18,0.032,0
0.075,0.145,0.016,0.234,0.135,0.012,0.134,0
0.261,0.07,0.049,0.226,0.038,0.043,0.108,0
0.097,0.189,0.098,0.222,0.13,0.188,0.125,0
0.299,0.084,0.069,0.101,0.01,0.124,0.026,0
0.209,0.018,0.095,0.095,0.099,0.094,0.099,0
0.267,0.106,0.003,0.186,0.07,0.069,0.051,0
0.047,0.13,0.02,0.23,0.007,0.07,0.053,0
0.278,0.061,0.064,0.048,0.01,0.18,0.15,0
0.212,0.088,0.004,0.038,0.012,0.136,0.001,0
0.601,0.732,0.859,0.592,0.979,0.699,0.538,1
0.219,0.147,0.084,0.192,0.143,0.143,0.103,0
0.536,0.926,0.688,0.979,0.438,0.97,0.685,1
0.175,0.083,0.032,0.07,0.042,0.085,0.063,0
0.261,0.069,0.018,0.084,0.059,0.162,0.129,0
0.814,0.948,0.858,0.808,0.796,0.655,0.426,1
0.763,0.76,0.58,0.922,0.58,0.922,0.665,1
0.254,0.145,0.061,0.033,0.079,0.092,0.089,0
0.2,0.079,0.078,0.221,0.105,0.104,0.106,0
0.095,0.04,0.052,0.22,0.062,0.131,0.096,0
0.009,0.067,0.084,0.079,0.143,0.008,0.024,0
0.914,0.987,0.948,0.876,0.404,0.988,0.532,1
0.169,0.059,0.094,0.099,0.085,0.185,0.126,0
0.135,0.133,0.012,0.143,0.115,0.084,0.049,0
0.105,0.113,0.025,0.207,0.027,0.116,0.076,0
0.665,0.679,0.551,0.722,0.405,0.629,0.426,1
0.212,0.007,0.026,0.084,0.0,0.196,0.136,0
0.029,0.033,0.066,0.083,0.135,0.04,0.066,0
0.286,0.064,0.012,0.24,0.048,0.089,0.058,0
0.745,0.839,0.447,0.809,0.886,0.583,0.779,1
0.24,0.029,0.068,0.135,0.003,0.147,0.045,0
0.103,0.164,0.012,0.126,0.132,0.166,0.08,0
0.27,0.131,0.066,0.007,0.115,0.091,0.116,0
0.28,0.068,0.034,0.231,0.107,0.09,0.03,0
0.166,0.055,0.053,0.18,0.116,0.096,0.051,0
0.237,0.088,0.062,0.168,0.053,0.013,0.032,0
0.23,0.104,0.02,0.042,0.131,0.167,0.041,0
0.127,0.187,0.003,0.093,0.101,0.156,0.049,0
0.035,0.117,0.069,0.075,0.054,0.161,0.074,0
0.014,0.038,0.05,0.174,0.104,0.067,0.117,0
0.197,0.016,0.019,0.171,0.042,0.11,0.041,0
0.076,0.179,0.084,0.121,0.118,0.077,0.052,0
0.159,0.034,0.078,0.121,0.054,0.126,0.03,0
0.627,0.922,0.91,0.877,0.501,0.818,0.601,1
0.555,0.822,0.983,0.519,0.569,0.945,0.512,1
0.024,0.121,0.005,0.203,0.118,0.004,0.136,0
0.168,0.155,0.034,0.054,0.084,0.111,0.099,0
0.069,0.014,0.009,0.078,0.051,0.089,0.036,0
0.072,0.075,0.078,0.128,0.092,0.179,0.046,0
0.151,0.037,0.046,0.123,0.063,0.2,0.043,0
0.891,0.992,0.764,0.977,0.421,0.913,0.781,1
0.27,0.085,0.02,0.006,0.127,0.146,0.147,0
0.007,0.018,0.013,0.011,0.012,0.055,0.114,0
0.176,0.108,0.084,0.229,0.094,0.066,0.068,0
0.094,0.167,0.034,0.182,0.066,0.165,0.032,0
0.118,0.12,0.01,0.007,0.145,0.097,0.09,0
0.178,0.102,0.045,0.231,0.103,0.068,0.044,0
0.268,0.036,0.01,0.148,0.032,0.017,0.007,0
0.02,0.074,0.052,0.047,0.094,0.092,0.089,0
0.185,0.174,0.055,0.049,0.149,0.141,0.036,0
0.223,0.141,0.014,0.156,0.079,0.125,0.021,0
0.17,0.073,0.087,0.244,0.066,0.182,0.072,0
0.252,0.076,0.014,0.135,0.039,0.026,0.099,0
0.017,0.063,0.051,0.033,0.058,0.031,0.039,0
0.264,0.094,0.075,0.072,0.075,0.018,0.121,0
0.207,0.169,0.032,0.066,0.044,0.017,0.132,0
0.238,0.043,0.019,0.176,0.121,0.14,0.004,0
0.017,0.058,0.051,0.209,0.087,0.155,0.137,0
0.247,0.046,0.091,0.167,0.12,0.089,0.149,0
1.0,0.573,0.85,0.586,0.729,0.92,0.671,1
0.654,0.713,0.714,0.956,0.628,0.967,0.688,1
0.117,0.063,0.014,0.061,0.102,0.059,0.102,0
0.043,0.118,0.097,0.2,0.132,0.16,0.084,0
0.057,0.115,0.067,0.242,0.089,0.185,0.056,0
0.568,0.43,0.585,0.615,0.562,0.566,0.445,1
0.595,0.588,0.854,0.93,0.503,0.98,0.469,1
0.199,0.151,0.039,0.11,0.088,0.037,0.124,0
0.592,0.597,0.488,0.77,0.937,0.523,0.569,1
0.218,0.121,0.098,0.111,0.136,0.159,0.137,0
0.187,0.122,0.097,0.004,0.062,0.167,0.074,0
0.828,0.863,0.865,0.61,0.757,0.699,0.956,1
0.106,0.077,0.004,0.223,0.147,0.035,0.095,0
0.24,0.108,0.094,0.085,0.11,0.166,0.044,0
0.137,0.121,0.026,0.229,0.074,0.024,0.125,0
0.173,0.055,0.032,0.229,0.05,0.158,0.131,0
0.182,0.178,0.019,0.138,0.11,0.133,0.092,0
0.122,0.072,0.029,0.22,0.06,0.199,0.085,0
0.268,0.061,0.082,0.14,0.149,0.089,0.089,0
0.156,0.173,0.084,0.069,0.022,0.068,0.102,0
0.238,0.097,0.037,0.108,0.13,0.012,0.125,0
0.218,0.11,0.096,0.076,0.055,0.164,0.02,0
0.137,0.081,0.011,0.159,0.061,0.146,0.008,0
0.189,0.095,0.072,0.083,0.018,0.143,0.146,0
0.255,0.08,0.033,0.148,0.075,0.105,0.118,0
0.725,0.547,0.545,0.927,0.421,0.579,0.426,1
0.19,0.001,0.072,0.165,0.141,0.102,0.056,0
0.25,0.003,0.027,0.102,0.076,0.166,0.017,0
0.253,0.11,0.017,0.074,0.026,0.078,0.125,0
0.919,0.96,0.81,0.976,0.947,0.528,0.721,1
0.131,0.152,0.078,0.094,0.135,0.184,0.064,0
0.01,0.125,0.074,0.222,0.121,0.111,0.087,0
0.184,0.01,0.044,0.096,0.144,0.176,0.017,0
0.04,0.068,0.074,0.172,0.095,0.101,0.126,0
0.007,0.19,0.086,0.23,0.062,0.123,0.01,0
0.03,0.076,0.044,0.162,0.01,0.173,0.132,0
0.176,0.065,0.027,0.083,0.108,0.113,0.148,0
0.739,0.834,0.395,0.951,0.664,0.941,0.695,1
0.657,0.672,0.786,0.653,0.413,0.733,0.435,1
0.069,0.01,0.062,0.223,0.006,0.075,0.049,0
0.177,0.027,0.077,0.192,0.059,0.158,0.009,0
0.03,0.095,0.018,0.066,0.026,0.122,0.106,0
0.088,0.173,0.092,0.248,0.09,0.11,0.098,0
0.162,0.037,0.079,0.22,0.117,0.148,0.12,0
0.66,0.481,0.762,0.929,0.442,0.563,0.618,1
0.112,0.015,0.061,0.006,0.026,0.191,0.14,0
0.116,0.11,0.067,0.235,0.007,0.093,0.072,0
0.045,0.1,0.099,0.055,0.018,0.059,0.135,0
0.096,0.088,0.071,0.089,0.068,0.13,0.013,0
0.288,0.051,0.074,0.208,0.144,0.021,0.032,0
0.062,0.135,0.002,0.035,0.069,0.076,0.084,0
0.174,0.072,0.056,0.171,0.134,0.123,0.071,0
0.115,0.157,0.085,0.209,0.021,0.061,0.103,0
0.266,0.06,0.039,0.235,0.029,0.0,0.091,0
0.244,0.033,0.043,0.099,0.135,0.021,0.001,0
0.098,0.15,0.03,0.189,0.117,0.039,0.057,0
0.582,0.515,0.876,0.627,0.508,0.657,0.849,1
0.283,0.004,0.09,0.167,0.032,0.134,0.072,0
0.097,0.18,0.084,0.033,0.067,0.179,0.102,0
0.133,0.06,0.027,0.021,0.09,0.021,0.146,0
0.252,0.166,0.044,0.142,0.064,0.143,0.082,0
0.101,0.116,0.027,0.092,0.126,0.036,0.02,0
0.094,0.186,0.081,0.114,0.038,0.066,0.001,0
0.523,0.598,0.344,0.946,0.654,0.988,0.509,1
0.084,0.106,0.041,0.201,0.122,0.082,0.008,0
0.167,0.03,0.005,0.19,0.085,0.135,0.125,0
0.019,0.013,0.092,0.053,0.016,0.068,0.018,0
0.247,0.041,0.0,0.147,0.069,0.139,0.104,0
0.062,0.039,0.074,0.072,0.062,0.047,0.033,0
0.787,0.599,0.754,0.931,0.497,0.791,0.751,1
0.221,0.067,0.069,0.162,0.13,0.092,0.1,0
0.163,0.183,0.028,0.16,0.129,0.172,0.095,0
0.001,0.069,0.021,0.085,0.074,0.037,0.022,0
0.041,0.119,0.064,0.118,0.146,0.058,0.077,0
0.22,0.164,0.086,0.004,0.143,0.194,0.127,0
0.125,0.06,0.077,0.199,0.072,0.17,0.09,0
0.206,0.09,0.008,0.113,0.055,0.088,0.087,0
0.064,0.115,0.039,0.145,0.091,0.132,0.107,0
0.263,0.108,0.051,0.064,0.086,0.098,0.122,0
0.126,0.087,0.008,0.018,0.084,0.128,0.061,0
0.148,0.146,0.08,0.113,0.112,0.004,0.013,0
0.085,0.104,0.027,0.091,0.049,0.176,0.027,0
0.185,0.083,0.032,0.083,0.008,0.062,0.006,0
0.119,0.117,0.089,0.231,0.075,0.131,0.049,0
0.746,0.503,0.472,0.72,0.742,0.846,0.729,1
0.14,0.196,0.038,0.078,0.061,0.0,0.079,0
0.243,0.008,0.014,0.232,0.106,0.158,0.07,0
0.17,0.085,0.088,0.004,0.033,0.045,0.13,0
0.28,0.125,0.082,0.18,0.09,0.142,0.032,0
0.057,0.088,0.006,0.203,0.059,0.104,0.112,0
0.151,0.166,0.019,0.247,0.041,0.088,0.059,0
0.098,0.198,0.074,0.161,0.123,0.001,0.082,0
0.052,0.058,0.064,0.218,0.061,0.072,0.103,0
0.256,0.081,0.017,0.047,0.07,0.191,0.087,0
0.025,0.189,0.032,0.237,0.137,0.055,0.047,0
0.136,0.033,0.023,0.087,0.058,0.147,0.135,0
0.153,0.128,0.068,0.063,0.074,0.113,0.023,0
0.015,0.064,0.085,0.135,0.067,0.074,0.108,0
0.203,0.159,0.013,0.173,0.009,0.189,0.029,0
0.19,0.047,0.024,0.086,0.12,0.024,0.014,0
0.28,0.15,0.037,0.14,0.141,0.051,0.016,0
0.146,0.045,0.001,0.231,0.092,0.017,0.129,0
0.245,0.136,0.068,0.113,0.116,0.032,0.06,0
0.043,0.02,0.097,0.202,0.037,0.179,0.064,0
0.743,0.557,0.632,0.591,0.964,0.552,0.525,1
0.137,0.12,0.06,0.162,0.139,0.139,0.098,0
0.097,0.11,0.005,0.055,0.145,0.031,0.137,0
0.251,0.035,0.029,0.229,0.079,0.025,0.127,0
0.171,0.165,0.009,0.089,0.087,0.063,0.137,0
0.162,0.188,0.06,0.059,0.04,0.003,0.042,0
0.01,0.044,0.07,0.214,0.029,0.008,0.073,0
0.234,0.05,0.042,0.178,0.12,0.114,0.086,0
0.245,0.06,0.014,0.184,0.054,0.016,0.05,0
0.263,0.083,0.009,0.021,0.057,0.191,0.134,0
0.293,0.031,0.077,0.24,0.035,0.024,0.137,0
0.084,0.044,0.066,0.188,0.111,0.13,0.075,0
0.193,0.157,0.007,0.196,0.061,0.093,0.095,0
0.751,0.46,0.927,0.875,0.449,0.619,0.92,1
0.793,0.956,0.907,0.901,0.521,0.846,0.536,1
0.116,0.01,0.085,0.032,0.079,0.166,0.104,0
0.079,0.106,0.063,0.024,0.049,0.094,0.034,0
0.57,0.442,0.896,0.505,0.424,0.551,0.45,1
0.234,0.147,0.024,0.236,0.081,0.188,0.101,0
0.187,0.005,0.021,0.223,0.12,0.011,0.149,0
0.129,0.121,0.047,0.048,0.137,0.011,0.093,0
0.104,0.072,0.029,0.062,0.033,0.005,0.127,0
0.114,0.063,0.046,0.12,0.042,0.16,0.063,0
0.568,0.955,0.538,0.538,0.494,0.524,0.761,1
0.232,0.016,0.01,0.15,0.024,0.058,0.089,0
0.004,0.045,0.0,0.24,0.077,0.129,0.007,0
0.039,0.09,0.073,0.163,0.087,0.062,0.001,0
0.074,0.143,0.035,0.2,0.148,0.062,0.027,0
0.587,0.685,0.483,0.901,0.913,0.849,0.506,1
0.748,0.931,0.556,0.536,0.534,0.808,0.425,1
0.2,0.036,0.055,0.007,0.121,0.007,0.107,0
0.277,0.191,0.018,0.078,0.11,0.01,0.025,0
0.12,0.061,0.034,0.023,0.126,0.086,0.111,0
0.196,0.009,0.027,0.231,0.023,0.148,0.14,0
0.138,0.069,0.096,0.17,0.067,0.173,0.114,0
0.278,0.101,0.075,0.074,0.061,0.15,0.127,0
0.009,0.184,0.035,0.026,0.126,0.062,0.056,0
0.18,0.161,0.086,0.042,0.095,0.131,0.105,0
0.155,0.081,0.088,0.168,0.022,0.163,0.066,0
0.706,0.648,0.415,0.974,0.503,0.53,0.594,1
0.008,0.089,0.058,0.012,0.1,0.126,0.086,0
0.257,0.152,0.034,0.062,0.005,0.013,0.041,0
0.078,0.184,0.008,0.223,0.084,0.192,0.056,0
0.193,0.17,0.091,0.245,0.001,0.012,0.099,0
0.203,0.103,0.055,0.047,0.082,0.067,0.061,0
0.224,0.038,0.056,0.187,0.046,0.071,0.084,0
0.556,0.517,0.785,0.804,0.864,0.513,0.982,1
0.142,0.147,0.035,0.219,0.037,0.153,0.063,0
0.127,0.118,0.022,0.05,0.113,0.104,0.031,0
0.242,0.191,0.067,0.044,0.101,0.059,0.136,0
0.288,0.057,0.086,0.143,0.001,0.121,0.013,0
0.141,0.163,0.034,0.042,0.144,0.1,0.149,0
0.183,0.154,0.048,0.007,0.058,0.075,0.032,0
0.294,0.013,0.044,0.004,0.001,0.07,0.009,0
0.169,0.057,0.059,0.025,0.119,0.139,0.055,0
0.976,0.986,0.558,0.932,0.811,0.789,0.493,1
0.166,0.089,0.025,0.246,0.063,0.024,0.1,0
0.194,0.007,0.076,0.079,0.021,0.045,0.109,0
0.137,0.069,0.063,0.198,0.006,0.175,0.111,0
0.095,0.151,0.004,0.124,0.057,0.154,0.085,0
0.242,0.089,0.021,0.078,0.039,0.017,0.009,0
0.105,0.105,0.036,0.154,0.03,0.172,0.101,0
0.214,0.179,0.089,0.219,0.126,0.045,0.106,0
0.974,0.971,0.337,0.584,0.975,0.936,0.705,1
0.249,0.139,0.1,0.152,0.033,0.169,0.02,0
0.017,0.037,0.045,0.189,0.017,0.155,0.011,0
0.074,0.072,0.083,0.178,0.05,0.003,0.148,0
0.08,0.196,0.089,0.031,0.021,0.074,0.142,0
0.207,0.163,0.04,0.18,0.09,0.024,0.078,0
0.14,0.039,0.08,0.113,0.063,0.083,0.011,0
0.033,0.19,0.055,0.105,0.119,0.047,0.13,0
0.201,0.07,0.073,0.001,0.088,0.119,0.123,0
0.084,0.19,0.023,0.013,0.136,0.198,0.076,0
0.272,0.198,0.058,0.118,0.049,0.113,0.035,0
0.247,0.052,0.017,0.113,0.124,0.057,0.028,0
0.19,0.058,0.018,0.236,0.097,0.062,0.054,0
0.055,0.06,0.049,0.147,0.004,0.098,0.092,0
0.074,0.045,0.021,0.075,0.006,0.089,0.043,0
0.244,0.047,0.008,0.23,0.149,0.197,0.15,0
0.147,0.162,0.055,0.043,0.106,0.009,0.032,0
0.109,0.014,0.01,0.183,0.092,0.103,0.047,0
0.03,0.056,0.048,0.228,0.026,0.055,0.136,0
0.222,0.127,0.038,0.152,0.009,0.122,0.002,0
0.019,0.118,0.094,0.157,0.075,0.168,0.0,0
0.227,0.003,0.037,0.022,0.031,0.089,0.109,0
0.25,0.132,0.045,0.199,0.032,0.091,0.0,0
0.102,0.175,0.071,0.128,0.073,0.083,0.073,0
0.111,0.163,0.043,0.218,0.121,0.029,0.012,0
0.072,0.117,0.08,0.207,0.076,0.113,0.035,0
0.148,0.147,0.061,0.248,0.056,0.118,0.045,0
0.615,0.672,0.431,0.774,0.539,0.863,0.791,1
0.269,0.011,0.028,0.146,0.019,0.132,0.135,0
0.207,0.134,0.087,0.172,0.14,0.181,0.056,0
0.233,0.126,0.02,0.248,0.137,0.026,0.121,0
0.271,0.089,0.075,0.126,0.043,0.003,0.045,0
0.014,0.165,0.061,0.028,0.115,0.05,0.142,0
0.026,0.012,0.02,0.009,0.026,0.179,0.035,0
0.168,0.033,0.015,0.185,0.003,0.088,0.107,0
0.162,0.129,0.099,0.13,0.119,0.155,0.13,0
0.084,0.148,0.077,0.088,0.095,0.095,0.118,0
0.241,0.083,0.086,0.129,0.149,0.093,0.04,0
0.221,0.139,0.038,0.118,0.116,0.123,0.012,0
0.002,0.184,0.098,0.175,0.104,0.117,0.011,0
0.038,0.034,0.087,0.059,0.097,0.16,0.096,0
0.042,0.194,0.059,0.139,0.042,0.149,0.055,0
0.154,0.087,0.038,0.025,0.072,0.091,0.076,0
0.121,0.181,0.09,0.061,0.049,0.133,0.095,0
0.144,0.162,0.015,0.106,0.08,0.012,0.144,0
0.297,0.123,0.069,0.171,0.078,0.191,0.074,0
0.105,0.098,0.007,0.11,0.077,0.163,0.004,0
0.957,0.683,0.814,0.653,0.687,0.671,0.705,1
0.114,0.165,0.068,0.041,0.146,0.198,0.105,0
0.116,0.166,0.05,0.017,0.04,0.198,0.024,0
0.09,0.181,0.087,0.079,0.11,0.165,0.107,0
0.793,0.522,0.549,0.608,0.883,0.891,0.942,1
0.182,0.186,0.012,0.114,0.108,0.154,0.087,0
0.118,0.15,0.024,0.211,0.02,0.052,0.035,0
0.178,0.178,0.091,0.199,0.022,0.105,0.081,0
0.216,0.2,0.054,0.112,0.084,0.022,0.077,0
0.036,0.082,0.068,0.099,0.046,0.106,0.115,0
0.84,0.837,0.75,0.686,0.823,0.745,0.767,1
0.167,0.177,0.053,0.228,0.039,0.107,0.069,0
0.015,0.162,0.076,0.202,0.019,0.057,0.071,0
0.191,0.119,0.059,0.154,0.028,0.029,0.064,0
0.093,0.169,0.031,0.051,0.017,0.071,0.098,0
0.032,0.052,0.01,0.011,0.082,0.192,0.136,0
0.222,0.148,0.068,0.119,0.105,0.098,0.015,0
0.016,0.139,0.062,0.173,0.05,0.106,0.12,0
0.106,0.04,0.073,0.193,0.149,0.142,0.064,0
0.021,0.154,0.047,0.218,0.011,0.079,0.12,0
0.272,0.133,0.041,0.057,0.079,0.012,0.047,0
0.024,0.041,0.056,0.208,0.05,0.132,0.101,0
0.21,0.052,0.07,0.076,0.104,0.061,0.01,0
0.004,0.197,0.078,0.079,0.003,0.046,0.004,0
0.057,0.135,0.07,0.092,0.016,0.13,0.141,0
0.139,0.181,0.059,0.011,0.056,0.117,0.085,0
0.272,0.11,0.064,0.038,0.079,0.17,0.124,0
0.02,0.033,0.035,0.202,0.029,0.131,0.036,0
0.29,0.179,0.017,0.067,0.092,0.011,0.058,0
0.112,0.037,0.066,0.064,0.052,0.137,0.074,0
0.117,0.196,0.067,0.166,0.066,0.084,0.007,0
0.251,0.054,0.039,0.198,0.05,0.125,0.094,0
0.052,0.033,0.051,0.076,0.084,0.191,0.084,0
0.293,0.135,0.019,0.139,0.024,0.087,0.144,0
0.026,0.098,0.078,0.036,0.106,0.01,0.11,0
0.003,0.123,0.077,0.129,0.047,0.165,0.097,0
0.082,0.096,0.001,0.022,0.096,0.053,0.067,0
0.231,0.186,0.022,0.15,0.093,0.05,0.127,0
0.256,0.001,0.019,0.09,0.062,0.112,0.01,0
0.242,0.11,0.08,0.119,0.042,0.086,0.084,0
0.221,0.184,0.028,0.046,0.125,0.157,0.095,0
0.225,0.055,0.006,0.046,0.088,0.197,0.091,0
0.267,0.059,0.093,0.087,0.126,0.003,0.034,0
0.109,0.106,0.047,0.03,0.103,0.091,0.094,0
0.079,0.106,0.096,0.127,0.076,0.149,0.042,0
0.053,0.065,0.082,0.021,0.001,0.096,0.142,0
0.105,0.082,0.001,0.201,0.097,0.049,0.083,0
0.25,0.134,0.016,0.064,0.079,0.085,0.038,0
0.18,0.134,0.084,0.247,0.069,0.109,0.054,0
0.813,0.734,0.564,0.559,0.632,0.927,0.434,1
0.047,0.19,0.04,0.109,0.064,0.06,0.126,0
0.286,0.037,0.06,0.084,0.123,0.06,0.027,0
0.255,0.031,0.018,0.215,0.051,0.189,0.025,0
0.262,0.195,0.002,0.22,0.116,0.051,0.066,0
0.19,0.119,0.062,0.054,0.13,0.149,0.054,0
0.092,0.155,0.056,0.035,0.068,0.197,0.031,0
0.283,0.154,0.083,0.091,0.028,0.119,0.119,0
0.231,0.084,0.062,0.034,0.112,0.015,0.061,0
0.96,0.877,0.698,0.522,0.661,0.677,0.947,1
0.007,0.138,0.094,0.008,0.06,0.152,0.11,0
0.272,0.192,0.017,0.163,0.072,0.056,0.113,0
0.027,0.1,0.064,0.188,0.016,0.085,0.139,0
0.172,0.091,0.023,0.155,0.029,0.195,0.119,0
0.026,0.001,0.043,0.088,0.016,0.165,0.001,0
0.178,0.025,0.099,0.162,0.146,0.115,0.123,0
0.546,0.787,0.972,0.942,0.723,0.967,0.56,1
0.191,0.122,0.071,0.121,0.005,0.151,0.129,0
0.05,0.092,0.025,0.188,0.122,0.042,0.018,0
0.014,0.065,0.09,0.105,0.023,0.01,0.127,0
0.223,0.052,0.017,0.064,0.058,0.09,0.098,0
0.137,0.112,0.096,0.233,0.027,0.039,0.015,0
0.066,0.1,0.045,0.174,0.026,0.099,0.089,0
0.574,0.845,0.567,0.586,0.574,0.96,0.904,1
0.115,0.162,0.044,0.009,0.068,0.022,0.016,0
0.004,0.075,0.003,0.121,0.033,0.127,0.104,0
0.27,0.056,0.034,0.093,0.053,0.028,0.107,0
0.072,0.034,0.001,0.093,0.128,0.097,0.046,0
0.091,0.068,0.08,0.019,0.017,0.016,0.129,0
0.259,0.182,0.096,0.027,0.109,0.052,0.13,0
0.184,0.078,0.022,0.187,0.111,0.185,0.099,0
0.014,0.139,0.094,0.216,0.016,0.014,0.017,0
0.235,0.088,0.097,0.18,0.09,0.195,0.144,0
0.084,0.092,0.083,0.012,0.013,0.057,0.042,0
0.906,0.704,0.678,0.815,0.991,0.921,0.898,1
0.153,0.011,0.033,0.071,0.04,0.132,0.092,0
0.108,0.085,0.012,0.246,0.009,0.081,0.101,0
0.265,0.145,0.025,0.066,0.004,0.052,0.135,0
0.272,0.019,0.032,0.121,0.06,0.094,0.005,0
0.093,0.159,0.029,0.189,0.083,0.05,0.017,0
0.262,0.136,0.002,0.194,0.009,0.049,0.026,0
0.299,0.082,0.026,0.092,0.047,0.018,0.075,0
0.004,0.044,0.014,0.085,0.037,0.075,0.13,0
0.245,0.141,0.022,0.154,0.087,0.194,0.008,0
0.058,0.056,0.085,0.131,0.005,0.153,0.082,0
0.078,0.153,0.014,0.217,0.076,0.118,0.092,0
0.299,0.082,0.028,0.193,0.102,0.015,0.019,0
0.21,0.083,0.086,0.177,0.054,0.116,0.088,0
0.823,0.619,0.497,0.734,0.836,0.783,0.443,1
0.065,0.137,0.095,0.12,0.018,0.102,0.102,0
0.126,0.143,0.007,0.219,0.086,0.114,0.063,0
0.1,0.151,0.08,0.22,0.049,0.043,0.047,0
0.08,0.059,0.04,0.103,0.048,0.073,0.104,0
0.043,0.061,0.017,0.003,0.12,0.047,0.035,0
0.071,0.123,0.005,0.248,0.102,0.143,0.117,0
0.254,0.118,0.055,0.137,0.038,0.001,0.08,0
0.268,0.003,0.028,0.228,0.075,0.178,0.036,0
0.244,0.135,0.03,0.114,0.127,0.051,0.065,0
0.273,0.136,0.092,0.226,0.067,0.026,0.108,0
0.074,0.11,0.071,0.024,0.063,0.017,0.047,0
0.024,0.156,0.059,0.229,0.081,0.06,0.018,0
0.029,0.179,0.093,0.179,0.065,0.081,0.105,0
0.064,0.073,0.082,0.064,0.105,0.103,0.14,0
0.058,0.181,0.058,0.213,0.053,0.173,0.113,0
0.121,0.06,0.098,0.079,0.101,0.192,0.016,0
0.232,0.032,0.056,0.082,0.036,0.131,0.099,0
0.19,0.13,0.039,0.004,0.135,0.12,0.101,0
0.132,0.041,0.019,0.191,0.013,0.066,0.028,0
0.293,0.146,0.084,0.047,0.017,0.054,0.069,0
0.212,0.198,0.031,0.177,0.08,0.166,0.07,0
0.021,0.084,0.094,0.07,0.094,0.12,0.038,0
0.121,0.009,0.066,0.204,0.007,0.129,0.115,0
0.073,0.09,0.039,0.123,0.114,0.161,0.144,0
0.229,0.163,0.009,0.168,0.122,0.086,0.065,0
0.018,0.052,0.098,0.07,0.134,0.119,0.009,0
0.285,0.163,0.005,0.099,0.08,0.148,0.063,0
0.197,0.058,0.014,0.216,0.108,0.178,0.062,0
0.07,0.045,0.049,0.197,0.088,0.062,0.027,0
0.142,0.195,0.034,0.129,0.03,0.129,0.048,0
0.017,0.024,0.009,0.213,0.059,0.053,0.002,0
0.991,0.721,0.604,0.974,0.999,0.538,0.817,1
0.064,0.027,0.021,0.144,0.081,0.012,0.099,0
0.116,0.122,0.004,0.184,0.005,0.035,0.041,0
0.252,0.025,0.059,0.239,0.09,0.145,0.1,0
0.27,0.028,0.078,0.082,0.14,0.015,0.033,0
0.034,0.183,0.042,0.229,0.106,0.157,0.057,0
0.239,0.05,0.072,0.041,0.022,0.139,0.123,0
0.142,0.039,0.04,0.12,0.098,0.076,0.134,0
0.18,0.108,0.072,0.038,0.032,0.102,0.016,0
0.015,0.107,0.059,0.197,0.116,0.057,0.049,0
0.125,0.116,0.092,0.243,0.054,0.069,0.098,0
0.075,0.068,0.007,0.085,0.039,0.041,0.06,0
0.287,0.086,0.033,0.16,0.032,0.137,0.024,0
0.13,0.032,0.074,0.226,0.027,0.017,0.082,0
0.15,0.189,0.045,0.141,0.03,0.157,0.099,0
0.161,0.007,0.083,0.002,0.091,0.164,0.135,0
0.119,0.197,0.021,0.022,0.074,0.03,0.131,0
0.241,0.013,0.091,0.083,0.047,0.183,0.07,0
0.556,0.417,0.476,0.896,0.853,0.932,0.411,1
0.808,0.546,0.826,0.539,0.87,0.669,0.998,1
0.529,0.832,0.349,0.973,0.445,0.619,0.947,1
0.138,0.126,0.064,0.216,0.134,0.099,0.121,0
0.236,0.178,0.098,0.245,0.098,0.058,0.038,0
0.052,0.189,0.043,0.111,0.078,0.123,0.035,0
0.219,0.167,0.062,0.018,0.129,0.039,0.002,0
0.161,0.002,0.048,0.166,0.008,0.14,0.038,0
0.189,0.144,0.065,0.167,0.007,0.111,0.081,0
0.257,0.033,0.035,0.067,0.039,0.139,0.106,0
0.092,0.088,0.095,0.235,0.054,0.082,0.133,0
0.135,0.058,0.096,0.244,0.099,0.138,0.112,0
0.037,0.12,0.088,0.165,0.107,0.183,0.038,0
0.269,0.136,0.07,0.111,0.02,0.162,0.012,0
0.237,0.045,0.066,0.221,0.111,0.012,0.121,0
0.01,0.058,0.033,0.18,0.142,0.006,0.073,0
0.157,0.08,0.078,0.199,0.098,0.087,0.019,0
0.022,0.056,0.089,0.114,0.088,0.029,0.11,0
0.263,0.025,0.022,0.144,0.063,0.09,0.039,0
0.26,0.049,0.093,0.209,0.069,0.005,0.121,0
0.24,0.198,0.038,0.157,0.085,0.101,0.061,0
0.025,0.071,0.082,0.223,0.133,0.122,0.145,0
0.189,0.189,0.028,0.025,0.123,0.046,0.034,0
0.202,0.129,0.044,0.169,0.12,0.034,0.12,0
0.128,0.102,0.075,0.084,0.133,0.13,0.121,0
0.21,0.098,0.058,0.238,0.128,0.162,0.076,0
0.08,0.191,0.087,0.105,0.087,0.072,0.024,0
0.204,0.129,0.02,0.203,0.052,0.059,0.135,0
0.096,0.143,0.002,0.069,0.103,0.003,0.131,0
0.086,0.143,0.046,0.203,0.025,0.129,0.047,0
0.193,0.027,0.028,0.21,0.019,0.05,0.008,0
0.02,0.051,0.048,0.125,0.101,0.012,0.098,0
0.871,0.749,0.543,0.752,0.822,0.595,0.813,1
0.507,0.418,0.876,0.649,0.778,0.877,0.451,1
0.149,0.033,0.034,0.228,0.034,0.107,0.096,0
0.05,0.062,0.051,0.166,0.035,0.199,0.087,0
0.093,0.009,0.094,0.192,0.11,0.183,0.059,0
0.142,0.109,0.063,0.144,0.029,0.015,0.066,0
0.176,0.038,0.039,0.168,0.062,0.122,0.083,0
0.282,0.096,0.039,0.204,0.057,0.177,0.125,0
0.015,0.174,0.088,0.123,0.024,0.071,0.037,0
0.14,0.182,0.083,0.15,0.147,0.188,0.141,0
0.176,0.033,0.0,0.237,0.03,0.04,0.037,0
0.125,0.157,0.003,0.095,0.015,0.106,0.077,0
0.206,0.064,0.012,0.238,0.137,0.139,0.011,0
0.092,0.086,0.076,0.11,0.078,0.159,0.099,0
0.671,0.867,0.625,0.621,0.719,0.546,0.697,1
0.11,0.103,0.034,0.047,0.049,0.055,0.026,0
0.178,0.083,0.01,0.061,0.035,0.064,0.033,0
0.02,0.083,0.059,0.035,0.032,0.168,0.017,0
0.007,0.073,0.011,0.05,0.148,0.09,0.022,0
0.288,0.149,0.06,0.134,0.102,0.115,0.114,0
0.185,0.188,0.06,0.123,0.086,0.195,0.104,0
0.033,0.05,0.082,0.153,0.1,0.033,0.093,0
0.109,0.196,0.031,0.23,0.081,0.058,0.075,0
0.613,0.57,0.354,0.812,0.817,0.811,0.579,1
0.58,0.462,0.806,0.701,0.487,0.736,0.798,1
0.085,0.166,0.062,0.1,0.067,0.186,0.101,0
0.119,0.082,0.018,0.063,0.142,0.141,0.127,0
0.04,0.17,0.023,0.225,0.048,0.122,0.044,0
0.154,0.134,0.03,0.243,0.046,0.194,0.079,0
0.017,0.044,0.057,0.101,0.02,0.189,0.042,0
0.162,0.114,0.065,0.093,0.005,0.188,0.119,0
0.063,0.062,0.034,0.093,0.128,0.185,0.116,0
0.015,0.079,0.008,0.126,0.125,0.066,0.084,0
0.209,0.141,0.023,0.079,0.021,0.006,0.115,0
0.107,0.122,0.069,0.185,0.079,0.036,0.028,0
0.233,0.013,0.011,0.057,0.086,0.019,0.029,0
0.065,0.116,0.096,0.213,0.092,0.015,0.01,0
0.748,0.977,0.982,0.845,0.67,0.639,0.971,1
0.26,0.018,0.055,0.055,0.135,0.197,0.062,0
0.127,0.198,0.056,0.142,0.119,0.07,0.016,0
0.263,0.158,0.052,0.052,0.014,0.023,0.114,0
0.054,0.027,0.026,0.173,0.103,0.2,0.017,0
0.016,0.17,0.026,0.1,0.116,0.126,0.14,0
0.277,0.194,0.069,0.011,0.037,0.076,0.13,0
0.044,0.011,0.019,0.105,0.061,0.016,0.134,0
0.269,0.151,0.02,0.128,0.046,0.193,0.033,0
0.26,0.08,0.081,0.192,0.049,0.169,0.136,0
0.003,0.093,0.057,0.14,0.127,0.074,0.048,0
0.09,0.176,0.031,0.11,0.142,0.049,0.015,0
0.044,0.018,0.088,0.052,0.036,0.034,0.043,0
0.231,0.069,0.017,0.109,0.024,0.189,0.125,0
0.183,0.066,0.07,0.143,0.079,0.056,0.071,0
0.046,0.176,0.055,0.042,0.028,0.176,0.122,0
0.678,0.489,0.785,0.662,0.901,0.565,0.594,1
0.007,0.105,0.023,0.208,0.092,0.002,0.008,0
0.033,0.052,0.051,0.109,0.036,0.122,0.107,0
0.188,0.08,0.087,0.002,0.043,0.053,0.062,0
0.114,0.12,0.051,0.24,0.096,0.157,0.066,0
0.244,0.171,0.054,0.017,0.136,0.091,0.114,0
0.024,0.158,0.064,0.237,0.113,0.187,0.113,0
0.063,0.038,0.087,0.145,0.034,0.13,0.106,0
0.957,0.586,0.384,0.537,0.429,0.82,0.575,1
0.132,0.071,0.096,0.091,0.09,0.027,0.105,0
0.068,0.139,0.068,0.094,0.14,0.145,0.109,0
0.044,0.183,0.043,0.22,0.088,0.146,0.028,0
0.259,0.113,0.035,0.007,0.071,0.115,0.088,0
0.01,0.02,0.026,0.147,0.017,0.132,0.08,0
0.28,0.187,0.024,0.113,0.11,0.018,0.091,0
0.265,0.107,0.077,0.214,0.068,0.091,0.088,0
0.251,0.188,0.02,0.204,0.061,0.116,0.145,0
0.212,0.166,0.065,0.222,0.05,0.153,0.023,0
0.191,0.149,0.049,0.213,0.127,0.038,0.082,0
0.116,0.037,0.04,0.192,0.095,0.169,0.097,0
0.106,0.186,0.03,0.029,0.13,0.158,0.113,0
0.273,0.12,0.009,0.132,0.052,0.082,0.106,0
0.092,0.105,0.091,0.178,0.106,0.098,0.09,0
0.032,0.14,0.079,0.07,0.128,0.136,0.098,0
0.057,0.028,0.05,0.19,0.042,0.134,0.115,0
0.3,0.019,0.027,0.021,0.105,0.102,0.03,0
0.826,0.422,0.682,0.527,0.742,0.95,0.407,1
0.264,0.165,0.068,0.148,0.076,0.132,0.079,0
0.076,0.178,0.038,0.245,0.074,0.023,0.127,0
0.287,0.073,0.018,0.153,0.057,0.05,0.015,0
0.246,0.164,0.082,0.145,0.118,0.089,0.026,0
0.261,0.064,0.044,0.101,0.022,0.142,0.054,0
0.261,0.066,0.036,0.078,0.054,0.031,0.13,0
0.052,0.185,0.093,0.115,0.07,0.085,0.122,0
0.084,0.088,0.05,0.088,0.073,0.184,0.116,0
0.962,0.454,0.325,0.599,0.506,0.519,0.6,1
0.157,0.125,0.082,0.029,0.114,0.112,0.009,0
0.175,0.031,0.039,0.193,0.109,0.007,0.042,0
0.081,0.005,0.004,0.038,0.111,0.192,0.067,0
0.25,0.059,0.025,0.141,0.138,0.1,0.135,0
0.825,0.992,0.551,0.884,0.955,0.982,0.555,1
0.205,0.036,0.1,0.125,0.108,0.131,0.113,0
0.293,0.01,0.096,0.119,0.044,0.089,0.045,0
0.032,0.112,0.045,0.083,0.105,0.065,0.072,0
0.225,0.123,0.097,0.213,0.074,0.175,0.061,0
0.026,0.062,0.036,0.099,0.078,0.076,0.02,0
0.979,0.66,0.95,0.913,0.921,0.891,0.574,1
0.108,0.063,0.065,0.071,0.022,0.143,0.039,0
0.189,0.149,0.03,0.163,0.068,0.01,0.143,0
0.089,0.083,0.079,0.23,0.016,0.156,0.002,0
0.057,0.112,0.015,0.124,0.127,0.071,0.144,0
0.159,0.072,0.046,0.104,0.03,0.166,0.079,0
0.189,0.19,0.043,0.17,0.083,0.164,0.141,0
0.826,0.898,0.439,0.723,0.5,0.701,0.946,1
0.276,0.014,0.023,0.014,0.007,0.082,0.14,0
0.044,0.111,0.05,0.018,0.009,0.108,0.027,0
0.657,0.84,0.537,0.874,0.775,0.628,0.401,1
0.149,0.186,0.068,0.192,0.013,0.052,0.04,0
0.055,0.053,0.049,0.148,0.063,0.176,0.119,0
0.775,0.926,0.332,0.826,0.907,0.919,0.864,1
0.235,0.084,0.004,0.19,0.068,0.021,0.097,0
0.082,0.114,0.093,0.227,0.033,0.068,0.13,0
0.287,0.056,0.024,0.001,0.008,0.197,0.073,0
0.024,0.058,0.036,0.146,0.135,0.158,0.042,0
0.719,0.786,0.843,0.724,0.596,0.799,0.547,1
0.641,0.775,0.371,0.523,0.674,0.75,0.858,1
0.285,0.161,0.004,0.104,0.031,0.032,0.116,0
0.139,0.131,0.045,0.171,0.101,0.132,0.086,0
0.68,0.952,0.378,0.86,0.623,0.595,0.462,1
0.281,0.095,0.082,0.155,0.028,0.109,0.101,0
0.245,0.149,0.089,0.212,0.147,0.151,0.054,0
0.863,0.532,0.426,0.932,0.482,0.897,0.542,1
0.126,0.165,0.023,0.101,0.109,0.129,0.036,0
0.047,0.164,0.015,0.09,0.137,0.106,0.021,0
0.215,0.019,0.077,0.061,0.023,0.008,0.129,0
0.16,0.073,0.069,0.075,0.124,0.098,0.117,0
0.104,0.148,0.096,0.132,0.042,0.012,0.057,0
0.292,0.154,0.012,0.224,0.103,0.079,0.011,0
0.087,0.189,0.066,0.23,0.066,0.106,0.041,0
0.056,0.128,0.088,0.168,0.068,0.141,0.15,0
0.221,0.175,0.02,0.205,0.111,0.142,0.087,0
0.205,0.137,0.012,0.142,0.137,0.075,0.09,0
0.286,0.158,0.015,0.085,0.071,0.06,0.077,0
0.159,0.071,0.057,0.142,0.109,0.104,0.084,0
0.086,0.175,0.037,0.187,0.018,0.1,0.093,0
0.29,0.162,0.091,0.154,0.054,0.011,0.012,0
0.298,0.144,0.042,0.044,0.102,0.197,0.136,0
0.509,0.816,0.701,0.733,0.798,0.94,0.631,1
0.284,0.19,0.027,0.206,0.104,0.159,0.085,0
0.23,0.017,0.017,0.227,0.102,0.112,0.092,0
0.063,0.055,0.026,0.085,0.147,0.089,0.021,0
0.162,0.031,0.012,0.119,0.118,0.091,0.121,0
0.792,0.763,0.36,0.786,0.579,0.615,0.523,1
0.0,0.017,0.047,0.011,0.055,0.172,0.054,0
0.286,0.002,0.097,0.203,0.052,0.059,0.012,0
0.201,0.181,0.041,0.004,0.107,0.099,0.047,0
0.06,0.16,0.081,0.244,0.095,0.076,0.145,0
0.031,0.168,0.027,0.12,0.053,0.003,0.039,0
0.005,0.132,0.082,0.118,0.009,0.141,0.069,0
0.274,0.2,0.078,0.212,0.085,0.153,0.044,0
0.682,0.999,0.415,0.818,0.966,0.975,0.623,1
0.248,0.167,0.034,0.131,0.009,0.119,0.108,0
0.24,0.126,0.09,0.243,0.098,0.085,0.029,0
0.068,0.022,0.012,0.078,0.092,0.179,0.007,0
0.021,0.123,0.029,0.127,0.103,0.102,0.032,0
0.081,0.032,0.074,0.116,0.063,0.114,0.138,0
0.244,0.029,0.092,0.047,0.006,0.075,0.137,0
0.164,0.113,0.031,0.11,0.049,0.175,0.118,0
0.183,0.144,0.014,0.161,0.092,0.139,0.082,0
0.224,0.052,0.091,0.218,0.088,0.018,0.11,0
0.765,0.65,0.857,0.625,0.976,0.829,0.889,1
0.635,0.5,0.72,0.91,0.548,0.808,0.922,1
0.247,0.142,0.018,0.203,0.046,0.186,0.084,0
0.606,0.969,0.324,0.627,0.778,0.664,0.724,1
0.536,0.812,0.471,0.505,0.688,0.633,0.826,1
0.185,0.129,0.08,0.06,0.081,0.059,0.032,0
0.105,0.135,0.094,0.171,0.04,0.022,0.01,0
0.115,0.001,0.058,0.042,0.124,0.176,0.1,0
0.14,0.089,0.003,0.24,0.048,0.149,0.12,0
0.178,0.166,0.066,0.181,0.15,0.061,0.008,0
0.107,0.064,0.096,0.131,0.107,0.133,0.113,0
0.264,0.042,0.057,0.089,0.06,0.035,0.093,0
0.292,0.152,0.059,0.05,0.14,0.046,0.119,0
0.161,0.196,0.072,0.156,0.103,0.168,0.04,0
0.285,0.093,0.062,0.123,0.145,0.147,0.066,0
0.26,0.173,0.014,0.083,0.068,0.187,0.122,0
0.124,0.181,0.042,0.085,0.053,0.003,0.143,0
0.52,0.627,0.621,0.678,0.75,0.83,0.856,1
0.051,0.123,0.046,0.099,0.102,0.014,0.063,0
0.213,0.033,0.018,0.235,0.044,0.087,0.149,0
0.098,0.076,0.02,0.192,0.102,0.086,0.069,0
0.02,0.139,0.061,0.136,0.113,0.023,0.109,0
0.111,0.076,0.059,0.236,0.012,0.081,0.068,0
0.258,0.013,0.014,0.069,0.148,0.179,0.031,0
0.072,0.04,0.035,0.087,0.097,0.078,0.058,0
0.108,0.051,0.02,0.047,0.118,0.068,0.135,0
0.183,0.113,0.054,0.225,0.147,0.005,0.008,0
0.167,0.133,0.075,0.086,0.078,0.13,0.148,0
0.137,0.134,0.014,0.243,0.109,0.012,0.127,0
0.028,0.065,0.01,0.058,0.095,0.013,0.044,0
0.272,0.133,0.018,0.079,0.017,0.13,0.082,0
0.876,0.958,0.416,0.85,0.666,0.5,0.791,1
0.005,0.006,0.07,0.002,0.106,0.131,0.102,0
0.118,0.074,0.083,0.171,0.036,0.034,0.074,0
0.135,0.032,0.092,0.093,0.124,0.172,0.061,0
0.254,0.086,0.098,0.016,0.089,0.008,0.11,0
0.253,0.01,0.031,0.031,0.143,0.071,0.142,0
0.113,0.001,0.05,0.154,0.021,0.093,0.118,0
0.281,0.034,0.058,0.115,0.042,0.068,0.079,0
0.134,0.021,0.095,0.152,0.04,0.089,0.016,0
0.945,0.415,0.738,0.808,0.975,0.852,0.978,1
0.193,0.099,0.017,0.162,0.01,0.104,0.128,0
0.076,0.064,0.096,0.038,0.053,0.06,0.056,0
0.033,0.104,0.027,0.028,0.076,0.067,0.116,0
0.209,0.094,0.014,0.022,0.003,0.089,0.094,0
0.272,0.038,0.072,0.075,0.077,0.189,0.116,0
0.512,0.89,0.605,0.589,0.7,0.737,0.483,1
0.281,0.143,0.062,0.073,0.016,0.107,0.103,0
0.281,0.139,0.08,0.202,0.075,0.151,0.014,0
0.527,0.913,0.755,0.906,0.488,0.76,0.868,1
0.115,0.162,0.097,0.083,0.079,0.029,0.001,0
0.055,0.069,0.026,0.137,0.023,0.073,0.086,0
0.048,0.174,0.015,0.134,0.115,0.099,0.135,0
0.009,0.062,0.064,0.1,0.148,0.016,0.15,0
0.155,0.003,0.072,0.015,0.006,0.146,0.038,0
0.265,0.144,0.055,0.143,0.101,0.033,0.013,0
0.196,0.014,0.042,0.039,0.143,0.12,0.037,0
0.212,0.048,0.028,0.061,0.048,0.057,0.066,0
0.093,0.179,0.016,0.194,0.024,0.137,0.092,0
0.176,0.13,0.093,0.231,0.0,0.124,0.011,0
0.222,0.051,0.018,0.021,0.097,0.098,0.149,0
0.207,0.056,0.06,0.228,0.023,0.192,0.097,0
0.149,0.125,0.039,0.065,0.143,0.111,0.103,0
0.817,0.687,0.396,0.83,0.577,0.879,0.562,1
0.093,0.126,0.011,0.102,0.135,0.137,0.124,0
0.173,0.128,0.039,0.228,0.047,0.116,0.124,0
0.085,0.011,0.033,0.002,0.089,0.192,0.04,0
0.994,0.789,0.314,0.943,0.594,0.821,0.469,1
0.094,0.036,0.081,0.127,0.141,0.052,0.068,0
0.039,0.125,0.043,0.211,0.079,0.169,0.115,0
0.115,0.194,0.059,0.082,0.145,0.163,0.148,0
0.209,0.171,0.037,0.217,0.113,0.101,0.018,0
0.271,0.038,0.03,0.135,0.057,0.094,0.03,0
0.026,0.036,0.063,0.185,0.047,0.173,0.099,0
0.076,0.158,0.068,0.063,0.144,0.176,0.053,0
0.747,0.674,0.935,0.559,0.881,0.774,0.475,1
0.007,0.154,0.039,0.114,0.081,0.099,0.074,0
0.955,0.501,0.873,0.691,0.899,0.786,0.732,1
0.161,0.062,0.082,0.08,0.065,0.033,0.102,0
0.076,0.168,0.063,0.007,0.107,0.166,0.027,0
0.946,0.815,0.871,0.951,0.427,0.646,0.858,1
0.26,0.06,0.042,0.104,0.132,0.027,0.049,0
0.008,0.13,0.016,0.028,0.108,0.003,0.081,0
0.001,0.184,0.099,0.231,0.0,0.196,0.09,0
0.292,0.131,0.058,0.09,0.009,0.182,0.067,0
0.63,0.893,0.974,0.842,0.59,0.601,0.671,1
0.972,0.51,0.884,0.502,0.604,0.801,0.91,1
0.101,0.104,0.015,0.012,0.083,0.09,0.12,0
0.03,0.015,0.039,0.002,0.06,0.096,0.012,0
0.108,0.195,0.044,0.0,0.11,0.104,0.029,0
0.287,0.151,0.007,0.077,0.14,0.043,0.058,0
0.199,0.179,0.033,0.177,0.025,0.11,0.006,0
0.123,0.059,0.083,0.218,0.054,0.152,0.126,0
0.065,0.048,0.019,0.167,0.106,0.04,0.04,0
0.003,0.156,0.027,0.214,0.055,0.096,0.119,0
0.248,0.038,0.032,0.071,0.031,0.103,0.043,0
0.207,0.062,0.029,0.192,0.086,0.179,0.018,0
0.269,0.133,0.01,0.092,0.015,0.027,0.006,0
0.171,0.069,0.032,0.239,0.108,0.035,0.127,0
0.09,0.031,0.069,0.188,0.087,0.187,0.094,0
0.12,0.166,0.016,0.156,0.118,0.199,0.143,0
0.129,0.043,0.081,0.1,0.012,0.04,0.064,0
0.034,0.043,0.058,0.243,0.047,0.155,0.004,0
0.614,0.883,0.378,0.734,0.585,0.978,0.443,1
0.197,0.17,0.041,0.184,0.041,0.072,0.11,0
0.143,0.063,0.055,0.223,0.016,0.034,0.042,0
0.265,0.002,0.093,0.062,0.112,0.192,0.142,0
0.033,0.062,0.065,0.022,0.052,0.139,0.143,0
0.288,0.117,0.026,0.052,0.048,0.167,0.116,0
0.101,0.024,0.097,0.055,0.016,0.031,0.124,0
0.555,0.749,0.412,0.643,0.425,0.836,0.969,1
0.686,0.465,0.332,0.931,0.508,0.842,0.458,1
0.019,0.052,0.058,0.077,0.128,0.022,0.046,0
0.116,0.146,0.011,0.24,0.104,0.128,0.14,0
0.265,0.103,0.0,0.093,0.069,0.085,0.068,0
0.274,0.093,0.064,0.013,0.125,0.004,0.059,0
0.831,0.971,0.946,0.891,0.735,0.699,0.879,1
0.228,0.17,0.06,0.244,0.027,0.173,0.031,0
0.14,0.014,0.067,0.147,0.066,0.109,0.118,0
0.239,0.031,0.071,0.177,0.027,0.075,0.06,0
0.214,0.16,0.025,0.203,0.122,0.002,0.061,0
0.861,0.758,0.889,0.921,0.557,0.572,0.968,1
0.291,0.128,0.006,0.165,0.022,0.19,0.082,0
0.031,0.105,0.064,0.051,0.087,0.067,0.109,0
0.233,0.081,0.014,0.032,0.039,0.182,0.028,0
0.253,0.135,0.048,0.096,0.148,0.152,0.089,0
0.66,0.814,0.742,0.81,0.862,0.888,0.948,1
0.975,0.419,0.996,0.957,0.419,0.72,0.542,1
0.001,0.002,0.065,0.188,0.064,0.036,0.036,0
0.289,0.044,0.021,0.215,0.008,0.046,0.136,0
0.135,0.173,0.038,0.227,0.11,0.166,0.051,0
0.155,0.072,0.079,0.114,0.022,0.023,0.037,0
0.2,0.168,0.03,0.145,0.031,0.149,0.04,0
0.115,0.155,0.009,0.026,0.027,0.009,0.06,0
0.044,0.083,0.016,0.178,0.1,0.049,0.13,0
0.199,0.174,0.052,0.075,0.091,0.092,0.022,0
0.184,0.095,0.068,0.164,0.106,0.022,0.123,0
0.08,0.048,0.036,0.013,0.065,0.007,0.119,0
0.82,0.55,0.572,0.714,0.801,0.91,0.981,1
0.111,0.173,0.068,0.008,0.106,0.078,0.083,0
0.063,0.17,0.006,0.104,0.117,0.049,0.046,0
0.075,0.076,0.079,0.003,0.108,0.023,0.134,0
0.125,0.142,0.01,0.026,0.114,0.044,0.129,0
0.268,0.164,0.08,0.094,0.11,0.025,0.003,0
0.082,0.092,0.049,0.202,0.053,0.137,0.026,0
0.246,0.04,0.072,0.111,0.093,0.005,0.118,0
0.093,0.127,0.008,0.066,0.008,0.162,0.147,0
0.158,0.067,0.008,0.235,0.139,0.064,0.09,0
0.127,0.199,0.048,0.067,0.127,0.108,0.086,0
0.247,0.132,0.019,0.117,0.1,0.153,0.129,0
0.253,0.047,0.097,0.101,0.129,0.006,0.053,0
0.629,0.748,0.964,0.903,0.408,0.662,0.931,1
0.245,0.112,0.023,0.185,0.136,0.054,0.07,0
0.277,0.148,0.017,0.138,0.067,0.197,0.125,0
0.109,0.048,0.095,0.11,0.02,0.094,0.062,0
0.259,0.07,0.076,0.159,0.038,0.028,0.125,0
0.016,0.154,0.01,0.064,0.051,0.106,0.007,0
0.168,0.106,0.004,0.044,0.041,0.089,0.126,0
0.055,0.199,0.039,0.141,0.056,0.137,0.057,0
0.038,0.188,0.001,0.238,0.136,0.181,0.143,0
0.119,0.126,0.093,0.183,0.029,0.057,0.109,0
0.178,0.098,0.037,0.214,0.087,0.179,0.083,0
0.215,0.131,0.044,0.012,0.084,0.163,0.145,0
0.127,0.001,0.06,0.224,0.106,0.127,0.146,0
0.174,0.111,0.038,0.175,0.116,0.172,0.132,0
0.209,0.014,0.061,0.121,0.015,0.08,0.09,0
0.128,0.009,0.077,0.246,0.079,0.199,0.098,0
0.935,0.676,0.84,0.766,0.491,0.515,0.697,1
0.096,0.161,0.072,0.173,0.112,0.082,0.031,0
0.006,0.086,0.001,0.169,0.121,0.135,0.055,0
0.058,0.158,0.062,0.017,0.146,0.087,0.03,0
0.006,0.148,0.002,0.088,0.146,0.069,0.115,0
0.041,0.09,0.06,0.045,0.091,0.149,0.061,0
0.292,0.076,0.069,0.133,0.056,0.024,0.032,0
0.218,0.018,0.033,0.017,0.064,0.091,0.078,0
0.053,0.109,0.059,0.135,0.141,0.113,0.066,0
0.137,0.16,0.072,0.123,0.117,0.007,0.037,0
0.291,0.033,0.037,0.247,0.14,0.014,0.077,0
0.097,0.118,0.064,0.249,0.021,0.122,0.044,0
0.098,0.193,0.095,0.073,0.108,0.003,0.079,0
0.207,0.167,0.053,0.219,0.126,0.017,0.087,0
0.083,0.141,0.059,0.13,0.15,0.194,0.031,0
0.22,0.047,0.072,0.161,0.004,0.104,0.137,0
0.267,0.128,0.06,0.102,0.051,0.015,0.112,0
0.109,0.076,0.084,0.105,0.089,0.049,0.095,0
0.027,0.17,0.019,0.027,0.147,0.054,0.132,0
0.006,0.045,0.061,0.197,0.0,0.015,0.073,0
0.062,0.145,0.098,0.041,0.003,0.192,0.136,0
0.279,0.067,0.082,0.092,0.017,0.121,0.007,0
0.079,0.034,0.006,0.142,0.14,0.125,0.101,0
0.19,0.122,0.001,0.197,0.018,0.083,0.055,0
0.109,0.147,0.044,0.101,0.146,0.089,0.066,0
0.104,0.145,0.083,0.113,0.099,0.093,0.1,0
0.132,0.103,0.037,0.19,0.08,0.05,0.053,0
0.153,0.184,0.009,0.157,0.088,0.171,0.08,0
0.033,0.191,0.006,0.162,0.138,0.192,0.112,0
0.102,0.025,0.003,0.022,0.139,0.078,0.09,0
0.202,0.13,0.006,0.105,0.077,0.002,0.099,0
0.043,0.105,0.072,0.133,0.037,0.024,0.118,0
0.235,0.129,0.011,0.013,0.114,0.136,0.015,0
0.078,0.189,0.082,0.105,0.122,0.0,0.047,0
0.24,0.103,0.049,0.025,0.005,0.169,0.007,0
0.069,0.027,0.019,0.001,0.115,0.047,0.131,0
0.262,0.021,0.097,0.236,0.027,0.102,0.071,0
0.016,0.079,0.079,0.247,0.137,0.084,0.031,0
0.235,0.184,0.01,0.189,0.022,0.067,0.129,0
0.046,0.144,0.046,0.022,0.051,0.007,0.118,0
0.059,0.163,0.009,0.104,0.063,0.107,0.131,0
0.706,0.552,0.507,0.907,0.737,0.978,0.691,1
0.034,0.065,0.061,0.066,0.097,0.101,0.123,0
0.102,0.062,0.001,0.221,0.143,0.174,0.041,0
0.66,0.953,0.441,0.814,0.536,0.825,0.575,1
0.941,0.78,0.476,0.544,0.491,0.725,0.555,1
0.227,0.167,0.068,0.035,0.041,0.084,0.059,0
0.263,0.192,0.008,0.059,0.14,0.074,0.052,0
0.151,0.022,0.001,0.118,0.014,0.07,0.13,0
0.265,0.129,0.064,0.232,0.065,0.174,0.089,0
0.067,0.085,0.033,0.17,0.11,0.017,0.034,0
0.258,0.025,0.098,0.238,0.132,0.052,0.006,0
0.841,0.664,0.597,0.676,0.995,0.691,0.469,1
0.818,0.586,0.925,0.996,0.966,0.804,0.725,1
0.244,0.089,0.058,0.167,0.034,0.028,0.013,0
0.095,0.195,0.092,0.12,0.083,0.011,0.007,0
0.277,0.114,0.091,0.161,0.018,0.184,0.084,0
0.005,0.122,0.056,0.156,0.01,0.009,0.07,0
0.616,0.589,0.771,0.833,0.766,0.552,0.917,1
0.718,0.72,0.98,0.904,0.914,0.726,0.472,1
0.185,0.005,0.063,0.07,0.069,0.187,0.106,0
0.063,0.027,0.086,0.055,0.129,0.144,0.126,0
0.271,0.029,0.071,0.089,0.101,0.175,0.023,0
0.049,0.066,0.051,0.144,0.017,0.198,0.053,0
0.231,0.189,0.025,0.195,0.066,0.2,0.074,0
0.091,0.126,0.098,0.157,0.061,0.135,0.035,0
0.506,0.981,0.325,0.699,0.498,0.511,0.701,1
0.239,0.194,0.092,0.136,0.087,0.004,0.102,0
0.578,0.781,0.411,0.937,0.563,0.671,0.829,1
0.265,0.027,0.023,0.19,0.046,0.074,0.02,0
0.28,0.044,0.014,0.159,0.098,0.148,0.112,0
0.273,0.122,0.098,0.056,0.022,0.148,0.075,0
0.24,0.145,0.008,0.127,0.039,0.036,0.06,0
0.02,0.072,0.002,0.212,0.118,0.151,0.015,0
0.056,0.199,0.051,0.091,0.009,0.058,0.052,0
0.191,0.154,0.045,0.097,0.059,0.072,0.056,0
0.014,0.144,0.025,0.09,0.106,0.132,0.11,0
0.177,0.0,0.019,0.078,0.029,0.171,0.117,0
0.231,0.003,0.058,0.183,0.101,0.143,0.12,0
0.055,0.19,0.053,0.156,0.006,0.001,0.108,0
0.167,0.15,0.0,0.161,0.132,0.138,0.033,0
0.088,0.14,0.044,0.114,0.092,0.127,0.114,0
0.248,0.046,0.023,0.222,0.059,0.146,0.091,0
0.262,0.07,0.073,0.179,0.014,0.06,0.043,0
0.606,0.884,0.653,0.502,0.433,0.778,0.745,1
0.158,0.158,0.091,0.19,0.072,0.163,0.128,0
0.053,0.072,0.015,0.172,0.101,0.134,0.013,0
0.024,0.173,0.055,0.001,0.058,0.15,0.004,0
0.184,0.144,0.045,0.054,0.145,0.114,0.004,0
0.002,0.149,0.055,0.223,0.052,0.056,0.034,0
0.066,0.055,0.069,0.139,0.052,0.089,0.072,0
0.288,0.174,0.032,0.007,0.039,0.031,0.029,0
0.081,0.184,0.005,0.187,0.054,0.16,0.086,0
0.868,0.777,0.441,0.776,0.62,0.753,0.773,1
0.198,0.005,0.006,0.184,0.127,0.156,0.144,0
0.271,0.044,0.048,0.14,0.052,0.008,0.02,0
0.051,0.195,0.016,0.052,0.073,0.101,0.102,0
0.967,0.824,0.929,0.522,0.931,0.975,0.426,1
0.293,0.052,0.083,0.107,0.104,0.008,0.012,0
0.507,0.779,0.793,0.736,0.888,0.675,0.94,1
0.277,0.119,0.094,0.172,0.028,0.026,0.119,0
0.081,0.135,0.006,0.181,0.033,0.18,0.013,0
0.058,0.087,0.02,0.155,0.016,0.077,0.066,0
0.178,0.127,0.03,0.077,0.04,0.068,0.0,0
0.022,0.075,0.1,0.185,0.14,0.053,0.107,0
0.062,0.093,0.019,0.168,0.086,0.085,0.068,0
0.064,0.159,0.028,0.227,0.122,0.009,0.096,0
0.242,0.087,0.08,0.228,0.102,0.121,0.148,0
0.101,0.064,0.048,0.058,0.051,0.017,0.091,0
0.041,0.058,0.098,0.174,0.04,0.18,0.14,0
0.138,0.193,0.034,0.185,0.043,0.13,0.127,0
0.009,0.035,0.099,0.152,0.067,0.186,0.107,0
0.035,0.01,0.03,0.014,0.07,0.199,0.056,0
0.28,0.023,0.036,0.231,0.046,0.137,0.042,0
0.258,0.135,0.053,0.028,0.016,0.175,0.022,0
0.118,0.008,0.055,0.053,0.028,0.136,0.118,0
0.053,0.061,0.074,0.12,0.142,0.123,0.144,0
0.085,0.117,0.026,0.051,0.132,0.073,0.144,0
0.228,0.066,0.013,0.093,0.125,0.123,0.018,0
0.004,0.18,0.057,0.124,0.039,0.066,0.129,0
0.261,0.105,0.078,0.18,0.103,0.095,0.055,0
0.23,0.097,0.003,0.11,0.097,0.087,0.102,0
0.025,0.101,0.077,0.196,0.023,0.055,0.096,0
0.17,0.116,0.093,0.074,0.037,0.089,0.051,0
0.837,0.584,0.355,0.757,0.634,0.792,0.702,1
0.044,0.123,0.078,0.143,0.072,0.103,0.068,0
0.167,0.142,0.019,0.249,0.082,0.018,0.044,0
0.214,0.066,0.0,0.222,0.14,0.146,0.061,0
0.262,0.097,0.015,0.133,0.017,0.172,0.036,0
0.17,0.174,0.085,0.154,0.059,0.027,0.098,0
0.213,0.004,0.091,0.232,0.004,0.086,0.043,0
0.095,0.133,0.08,0.054,0.081,0.006,0.078,0
0.03,0.173,0.034,0.087,0.004,0.162,0.131,0
0.189,0.192,0.054,0.121,0.067,0.055,0.049,0
0.026,0.111,0.025,0.198,0.113,0.131,0.05,0
0.143,0.028,0.098,0.014,0.141,0.077,0.106,0
0.136,0.131,0.026,0.012,0.033,0.023,0.009,0
0.275,0.114,0.091,0.223,0.114,0.14,0.082,0
0.234,0.194,0.029,0.229,0.082,0.128,0.039,0
0.013,0.058,0.025,0.049,0.093,0.093,0.016,0
0.046,0.057,0.054,0.148,0.007,0.158,0.011,0
0.286,0.152,0.093,0.113,0.037,0.115,0.144,0
0.139,0.17,0.02,0.135,0.022,0.007,0.044,0
0.066,0.112,0.088,0.026,0.093,0.16,0.049,0
0.013,0.097,0.045,0.064,0.095,0.097,0.059,0
0.656,0.926,0.735,0.958,0.793,0.552,0.811,1
0.249,0.153,0.052,0.18,0.067,0.032,0.145,0
0.528,0.583,0.316,0.981,0.909,0.598,0.755,1
0.858,0.921,0.37,0.792,0.429,0.609,0.563,1
0.042,0.162,0.095,0.008,0.036,0.042,0.141,0
0.1,0.093,0.043,0.035,0.007,0.104,0.109,0
0.019,0.018,0.067,0.077,0.013,0.197,0.055,0
0.013,0.171,0.065,0.193,0.002,0.174,0.073,0
0.128,0.196,0.042,0.117,0.14,0.139,0.021,0
0.029,0.091,0.098,0.051,0.027,0.109,0.095,0
0.22,0.117,0.091,0.192,0.132,0.148,0.117,0
0.041,0.178,0.062,0.058,0.022,0.046,0.079,0
0.071,0.092,0.054,0.091,0.1,0.066,0.112,0
0.05,0.056,0.023,0.176,0.053,0.099,0.108,0
0.29,0.162,0.039,0.013,0.113,0.153,0.027,0
0.3,0.178,0.041,0.001,0.006,0.145,0.0,0
0.029,0.022,0.092,0.178,0.083,0.174,0.108,0
0.296,0.051,0.09,0.001,0.14,0.1,0.115,0
0.113,0.107,0.036,0.085,0.105,0.048,0.075,0
0.053,0.063,0.013,0.23,0.138,0.192,0.041,0
0.188,0.171,0.075,0.225,0.047,0.181,0.035,0
0.232,0.125,0.075,0.074,0.093,0.037,0.119,0
0.182,0.179,0.096,0.064,0.051,0.053,0.087,0
0.068,0.011,0.098,0.135,0.003,0.062,0.01,0
0.055,0.007,0.078,0.032,0.129,0.087,0.009,0
0.104,0.187,0.072,0.129,0.078,0.021,0.03,0
0.2,0.019,0.072,0.246,0.107,0.124,0.101,0
0.221,0.052,0.024,0.039,0.102,0.165,0.006,0
0.255,0.044,0.086,0.216,0.088,0.125,0.105,0
0.594,0.905,0.722,0.753,0.617,0.623,0.696,1
0.112,0.161,0.063,0.147,0.031,0.106,0.052,0
0.176,0.026,0.058,0.111,0.149,0.156,0.127,0
0.551,0.907,0.483,0.829,0.475,0.697,0.967,1
0.629,0.581,0.301,0.922,0.534,0.879,0.817,1
0.02,0.001,0.044,0.105,0.074,0.103,0.064,0
0.167,0.086,0.036,0.155,0.15,0.191,0.101,0
0.104,0.162,0.064,0.227,0.07,0.171,0.118,0
0.273,0.142,0.08,0.208,0.129,0.084,0.143,0
0.291,0.004,0.09,0.106,0.072,0.11,0.044,0
0.219,0.019,0.097,0.138,0.038,0.197,0.065,0
0.168,0.052,0.054,0.121,0.119,0.162,0.134,0
0.089,0.127,0.022,0.036,0.061,0.067,0.107,0
0.023,0.0,0.059,0.164,0.146,0.085,0.114,0
0.223,0.157,0.036,0.154,0.12,0.057,0.015,0
0.241,0.151,0.021,0.066,0.146,0.109,0.131,0
0.217,0.087,0.084,0.127,0.088,0.196,0.116,0
0.036,0.171,0.074,0.031,0.094,0.039,0.141,0
0.251,0.142,0.007,0.224,0.104,0.002,0.122,0
0.202,0.113,0.062,0.035,0.137,0.063,0.13,0
0.154,0.094,0.075,0.046,0.138,0.104,0.074,0
0.738,0.593,0.929,0.955,0.741,0.77,0.475,1
0.016,0.041,0.018,0.168,0.058,0.154,0.045,0
0.006,0.014,0.098,0.128,0.129,0.18,0.005,0
0.206,0.2,0.032,0.095,0.102,0.081,0.067,0
0.094,0.014,0.06,0.103,0.123,0.117,0.129,0
0.584,0.604,0.333,0.978,0.875,0.557,0.76,1
0.297,0.038,0.064,0.025,0.001,0.118,0.012,0
0.291,0.164,0.004,0.123,0.114,0.179,0.001,0
0.117,0.111,0.029,0.243,0.049,0.179,0.063,0
0.201,0.182,0.001,0.199,0.099,0.114,0.065,0
0.027,0.128,0.067,0.119,0.101,0.067,0.139,0
0.692,0.777,0.698,0.669,0.503,0.579,0.727,1
0.174,0.021,0.011,0.238,0.021,0.161,0.05,0
0.206,0.014,0.044,0.092,0.05,0.186,0.013,0
0.14,0.144,0.03,0.167,0.037,0.008,0.124,0
0.261,0.064,0.089,0.248,0.106,0.133,0.063,0
0.044,0.056,0.02,0.083,0.082,0.155,0.041,0
0.169,0.054,0.098,0.138,0.02,0.083,0.11,0
0.098,0.037,0.039,0.168,0.145,0.084,0.14,0
0.141,0.114,0.022,0.217,0.035,0.088,0.104,0
0.008,0.078,0.076,0.231,0.128,0.104,0.018,0
0.09,0.131,0.007,0.227,0.066,0.163,0.119,0
0.859,0.542,0.841,0.51,0.954,0.764,0.671,1
0.022,0.151,0.048,0.031,0.125,0.087,0.103,0
0.082,0.022,0.004,0.118,0.05,0.03,0.017,0
0.275,0.057,0.097,0.07,0.146,0.008,0.078,0
0.065,0.118,0.1,0.158,0.044,0.005,0.122,0
0.267,0.109,0.068,0.118,0.058,0.054,0.086,0
0.187,0.026,0.054,0.005,0.104,0.059,0.071,0
0.156,0.032,0.034,0.056,0.121,0.177,0.126,0
0.534,0.876,0.883,0.743,0.738,0.529,0.902,1
0.029,0.021,0.046,0.234,0.112,0.009,0.073,0
0.149,0.075,0.079,0.211,0.142,0.071,0.12,0
0.018,0.182,0.007,0.014,0.113,0.071,0.064,0
0.048,0.006,0.041,0.203,0.007,0.094,0.052,0
0.138,0.157,0.049,0.082,0.032,0.158,0.047,0
0.077,0.178,0.018,0.004,0.1,0.061,0.051,0
0.121,0.171,0.028,0.208,0.127,0.131,0.035,0
0.21,0.019,0.065,0.11,0.034,0.109,0.002,0
0.135,0.05,0.04,0.002,0.127,0.024,0.034,0
0.552,0.519,0.891,0.524,0.859,0.525,0.917,1
0.077,0.173,0.099,0.164,0.117,0.156,0.067,0
0.56,0.625,0.558,0.67,0.489,0.608,0.634,1
0.29,0.055,0.024,0.014,0.001,0.084,0.122,0
0.003,0.119,0.094,0.193,0.035,0.105,0.147,0
0.255,0.185,0.007,0.072,0.134,0.126,0.116,0
0.297,0.042,0.015,0.23,0.122,0.157,0.07,0
0.131,0.12,0.032,0.06,0.082,0.119,0.142,0
0.177,0.143,0.017,0.03,0.117,0.079,0.113,0
0.059,0.182,0.006,0.229,0.073,0.014,0.007,0
0.073,0.118,0.068,0.053,0.0,0.046,0.062,0
0.243,0.165,0.033,0.056,0.062,0.168,0.083,0
0.254,0.187,0.061,0.003,0.047,0.162,0.02,0
0.1,0.144,0.019,0.25,0.124,0.094,0.023,0
0.629,0.774,0.91,0.913,0.973,0.74,0.869,1
0.095,0.14,0.044,0.002,0.023,0.095,0.041,0
0.123,0.117,0.055,0.101,0.081,0.001,0.034,0
0.172,0.109,0.034,0.003,0.031,0.008,0.058,0
0.04,0.044,0.029,0.231,0.009,0.075,0.109,0
0.995,0.532,0.722,0.937,0.876,0.925,0.988,1
0.134,0.054,0.091,0.094,0.022,0.163,0.136,0
0.059,0.148,0.009,0.191,0.103,0.012,0.01,0
0.24,0.092,0.035,0.163,0.09,0.097,0.011,0
0.696,0.429,0.999,0.825,0.991,0.928,0.918,1
0.15,0.014,0.073,0.145,0.006,0.149,0.12,0
0.275,0.148,0.068,0.08,0.006,0.093,0.101,0
0.26,0.046,0.1,0.125,0.016,0.136,0.106,0
0.169,0.1,0.082,0.13,0.142,0.034,0.085,0
0.155,0.106,0.083,0.001,0.108,0.154,0.129,0
0.083,0.14,0.035,0.054,0.008,0.054,0.102,0
0.247,0.139,0.074,0.113,0.144,0.035,0.078,0
0.123,0.071,0.017,0.177,0.15,0.021,0.139,0
0.739,0.591,0.814,0.509,0.422,0.557,0.925,1
0.22,0.053,0.039,0.017,0.057,0.186,0.009,0
0.24,0.065,0.087,0.129,0.063,0.064,0.03,0
0.243,0.139,0.004,0.051,0.012,0.119,0.021,0
0.199,0.133,0.085,0.126,0.127,0.054,0.06,0
0.083,0.151,0.034,0.176,0.02,0.139,0.012,0
0.171,0.04,0.001,0.217,0.064,0.108,0.136,0
0.135,0.175,0.009,0.047,0.08,0.038,0.123,0
0.97,0.614,0.546,0.855,0.978,0.596,0.972,1
0.248,0.118,0.061,0.238,0.107,0.029,0.057,0
0.118,0.025,0.047,0.13,0.031,0.091,0.127,0
0.054,0.171,0.002,0.131,0.115,0.015,0.052,0
0.235,0.012,0.043,0.184,0.082,0.068,0.014,0
0.117,0.047,0.042,0.22,0.017,0.2,0.019,0
0.254,0.162,0.075,0.019,0.028,0.059,0.051,0
0.128,0.183,0.08,0.037,0.016,0.001,0.023,0
0.262,0.159,0.044,0.033,0.004,0.06,0.15,0
0.801,0.414,0.73,0.616,0.776,0.988,0.902,1
0.812,0.57,0.48,0.842,0.564,0.693,0.42,1
0.048,0.173,0.0,0.047,0.09,0.175,0.027,0
0.126,0.007,0.035,0.195,0.137,0.043,0.088,0
0.03,0.097,0.049,0.032,0.015,0.083,0.113,0
0.116,0.1,0.021,0.148,0.14,0.182,0.048,0
0.249,0.074,0.013,0.226,0.095,0.053,0.062,0
0.15,0.132,0.052,0.137,0.066,0.006,0.089,0
0.143,0.033,0.07,0.126,0.02,0.084,0.147,0
0.264,0.0,0.008,0.004,0.052,0.14,0.035,0
0.206,0.072,0.07,0.117,0.024,0.061,0.031,0
0.672,0.574,0.34,0.784,0.764,0.565,0.671,1
0.885,0.644,0.843,0.814,0.594,0.673,0.825,1
0.263,0.066,0.021,0.118,0.082,0.192,0.034,0
0.234,0.107,0.025,0.068,0.048,0.0,0.128,0
0.073,0.114,0.075,0.076,0.033,0.129,0.022,0
0.103,0.017,0.003,0.089,0.033,0.063,0.079,0
0.07,0.158,0.02,0.149,0.104,0.148,0.102,0
0.119,0.045,0.09,0.107,0.13,0.035,0.018,0
0.136,0.121,0.091,0.142,0.018,0.182,0.026,0
0.121,0.158,0.1,0.009,0.075,0.176,0.02,0
0.543,0.86,0.58,0.901,0.406,0.974,0.795,1
0.008,0.116,0.024,0.242,0.057,0.028,0.063,0
0.186,0.04,0.061,0.015,0.13,0.009,0.128,0
0.117,0.051,0.02,0.03,0.045,0.147,0.005,0
0.123,0.145,0.095,0.11,0.04,0.038,0.056,0
0.023,0.182,0.001,0.041,0.006,0.145,0.028,0
0.074,0.089,0.093,0.247,0.058,0.084,0.067,0
0.079,0.075,0.096,0.195,0.125,0.105,0.127,0
0.156,0.171,0.062,0.223,0.141,0.126,0.019,0
0.052,0.104,0.026,0.004,0.056,0.031,0.074,0
0.282,0.0,0.007,0.223,0.119,0.045,0.091,0
0.059,0.184,0.081,0.222,0.079,0.078,0.041,0
0.665,0.524,0.392,0.734,0.507,0.688,0.717,1
0.061,0.064,0.017,0.225,0.065,0.193,0.133,0
0.257,0.033,0.086,0.033,0.015,0.145,0.039,0
0.293,0.118,0.009,0.129,0.028,0.171,0.028,0
0.203,0.064,0.003,0.193,0.013,0.071,0.043,0
0.036,0.16,0.029,0.157,0.013,0.18,0.019,0
0.734,0.859,0.467,0.8,0.614,0.676,0.715,1
0.247,0.061,0.04,0.166,0.135,0.082,0.117,0
0.838,0.694,0.959,0.717,0.431,0.847,0.855,1
0.289,0.074,0.021,0.035,0.035,0.161,0.024,0
0.202,0.095,0.007,0.002,0.067,0.044,0.055,0
0.001,0.16,0.068,0.227,0.017,0.048,0.008,0
0.179,0.198,0.011,0.222,0.095,0.016,0.141,0
0.068,0.142,0.036,0.162,0.08,0.156,0.141,0
0.893,0.664,0.307,0.961,0.76,0.682,0.652,1
0.138,0.149,0.087,0.219,0.127,0.148,0.015,0
0.083,0.12,0.069,0.014,0.034,0.098,0.101,0
0.068,0.194,0.034,0.173,0.138,0.096,0.121,0
0.231,0.113,0.082,0.02,0.026,0.155,0.141,0
0.249,0.011,0.092,0.129,0.008,0.046,0.073,0
0.165,0.182,0.021,0.07,0.082,0.071,0.06,0
0.066,0.179,0.047,0.161,0.141,0.036,0.067,0
0.88,0.826,0.918,0.985,0.728,0.653,0.829,1
0.09,0.154,0.056,0.117,0.023,0.004,0.08,0
0.224,0.088,0.08,0.165,0.063,0.179,0.072,0
0.2,0.102,0.051,0.098,0.132,0.045,0.001,0
0.238,0.117,0.028,0.133,0.004,0.166,0.074,0
0.27,0.1,0.021,0.078,0.082,0.05,0.004,0
0.174,0.168,0.083,0.212,0.148,0.171,0.061,0
0.215,0.185,0.076,0.146,0.096,0.074,0.038,0
0.089,0.044,0.045,0.046,0.133,0.047,0.036,0
0.164,0.145,0.078,0.146,0.04,0.057,0.057,0
0.113,0.117,0.094,0.057,0.09,0.12,0.035,0
0.141,0.147,0.004,0.246,0.09,0.069,0.062,0
0.019,0.146,0.069,0.175,0.029,0.165,0.104,0
0.259,0.139,0.039,0.006,0.089,0.124,0.008,0
0.104,0.179,0.069,0.139,0.062,0.017,0.144,0
0.043,0.134,0.1,0.236,0.065,0.056,0.079,0
0.855,0.959,0.751,0.888,0.878,0.837,0.98,1
0.033,0.177,0.006,0.191,0.002,0.069,0.067,0
0.039,0.1,0.085,0.03,0.073,0.162,0.008,0
0.047,0.073,0.002,0.219,0.128,0.131,0.084,0
0.6,0.864,0.695,0.916,0.743,0.905,0.452,1
0.125,0.114,0.079,0.081,0.055,0.187,0.059,0
0.233,0.037,0.062,0.146,0.121,0.111,0.055,0
0.127,0.017,0.078,0.004,0.093,0.056,0.006,0
0.101,0.035,0.03,0.143,0.039,0.194,0.086,0
0.024,0.011,0.024,0.094,0.141,0.087,0.003,0
0.283,0.191,0.013,0.245,0.013,0.166,0.058,0
0.256,0.093,0.01,0.051,0.052,0.125,0.005,0
0.05,0.122,0.069,0.038,0.054,0.17,0.136,0
0.297,0.017,0.082,0.125,0.063,0.191,0.004,0
0.169,0.1,0.099,0.182,0.058,0.113,0.057,0
0.204,0.155,0.04,0.194,0.073,0.016,0.114,0
0.144,0.095,0.066,0.237,0.052,0.012,0.081,0
0.22,0.078,0.088,0.084,0.138,0.157,0.059,0
0.649,0.996,0.841,0.642,0.942,0.699,0.685,1
0.239,0.063,0.007,0.194,0.029,0.13,0.013,0
0.197,0.024,0.097,0.012,0.028,0.048,0.119,0
0.185,0.03,0.047,0.186,0.138,0.195,0.041,0
0.106,0.026,0.07,0.169,0.109,0.194,0.08,0
0.009,0.127,0.022,0.237,0.079,0.01,0.014,0
0.295,0.08,0.099,0.111,0.123,0.049,0.08,0
0.101,0.145,0.004,0.22,0.103,0.002,0.114,0
0.183,0.079,0.039,0.123,0.002,0.135,0.146,0
0.067,0.059,0.063,0.172,0.098,0.019,0.017,0
0.189,0.06,0.009,0.114,0.133,0.106,0.104,0
0.814,0.538,0.724,0.986,0.834,0.636,0.965,1
0.043,0.116,0.022,0.088,0.144,0.057,0.082,0
0.087,0.125,0.032,0.105,0.119,0.199,0.047,0
0.067,0.125,0.074,0.057,0.019,0.172,0.137,0
0.137,0.026,0.07,0.032,0.14,0.113,0.058,0
0.18,0.13,0.045,0.196,0.138,0.163,0.02,0
0.179,0.096,0.078,0.207,0.057,0.011,0.092,0
0.143,0.192,0.099,0.049,0.079,0.086,0.041,0
0.153,0.119,0.043,0.082,0.12,0.191,0.137,0
0.047,0.174,0.01,0.018,0.106,0.134,0.054,0
0.07,0.051,0.044,0.135,0.094,0.077,0.001,0
0.274,0.018,0.09,0.158,0.055,0.145,0.005,0
0.222,0.173,0.099,0.006,0.03,0.032,0.111,0
0.003,0.037,0.082,0.208,0.018,0.179,0.031,0
0.256,0.152,0.013,0.138,0.021,0.188,0.071,0
0.049,0.097,0.019,0.233,0.139,0.097,0.128,0
0.95,0.929,0.927,0.941,0.589,0.719,0.731,1
0.284,0.106,0.037,0.067,0.064,0.121,0.002,0
0.266,0.029,0.039,0.01,0.107,0.011,0.066,0
0.267,0.001,0.075,0.194,0.055,0.158,0.007,0
0.008,0.053,0.078,0.118,0.065,0.045,0.033,0
0.073,0.183,0.07,0.024,0.02,0.065,0.123,0
0.262,0.171,0.012,0.095,0.112,0.035,0.122,0
0.121,0.001,0.015,0.245,0.108,0.189,0.097,0
0.045,0.143,0.084,0.033,0.008,0.126,0.029,0
0.273,0.127,0.034,0.25,0.06,0.07,0.026,0
0.122,0.145,0.092,0.195,0.043,0.108,0.014,0
0.188,0.144,0.027,0.01,0.109,0.066,0.096,0
0.083,0.189,0.003,0.229,0.082,0.165,0.04,0
0.119,0.106,0.025,0.161,0.069,0.141,0.121,0
0.263,0.198,0.048,0.023,0.019,0.17,0.068,0
0.084,0.108,0.022,0.248,0.043,0.093,0.07,0
0.15,0.106,0.03,0.123,0.142,0.12,0.136,0
0.287,0.051,0.027,0.018,0.043,0.178,0.139,0
0.06,0.025,0.034,0.013,0.046,0.104,0.049,0
0.121,0.049,0.08,0.053,0.111,0.148,0.024,0
0.234,0.152,0.039,0.109,0.137,0.139,0.023,0
0.091,0.183,0.091,0.246,0.11,0.094,0.077,0
0.011,0.168,0.096,0.201,0.134,0.145,0.04,0
0.044,0.02,0.033,0.057,0.15,0.051,0.009,0
0.232,0.188,0.035,0.099,0.061,0.112,0.039,0
0.062,0.199,0.022,0.083,0.108,0.036,0.02,0
0.299,0.162,0.029,0.128,0.01,0.051,0.032,0
0.033,0.154,0.092,0.148,0.146,0.095,0.107,0
0.08,0.128,0.035,0.226,0.094,0.018,0.086,0
0.246,0.087,0.02,0.14,0.026,0.187,0.052,0
0.692,0.699,0.384,0.708,0.99,0.521,0.51,1
0.173,0.2,0.076,0.002,0.036,0.099,0.112,0
0.132,0.092,0.023,0.198,0.065,0.18,0.012,0
0.14,0.193,0.083,0.073,0.053,0.068,0.032,0
0.013,0.081,0.033,0.001,0.055,0.032,0.04,0
0.184,0.126,0.091,0.196,0.045,0.042,0.041,0
0.804,0.982,0.62,0.701,0.938,0.714,0.807,1
0.096,0.062,0.093,0.05,0.117,0.185,0.022,0
0.237,0.07,0.05,0.236,0.132,0.007,0.082,0
0.216,0.194,0.046,0.136,0.089,0.101,0.066,0
0.224,0.006,0.089,0.248,0.003,0.174,0.034,0
0.267,0.167,0.002,0.1,0.032,0.034,0.09,0
0.2,0.181,0.031,0.129,0.132,0.098,0.002,0
0.174,0.126,0.038,0.135,0.077,0.121,0.123,0
0.097,0.065,0.002,0.052,0.064,0.091,0.141,0
0.29,0.076,0.096,0.04,0.06,0.049,0.079,0
0.181,0.104,0.032,0.138,0.109,0.181,0.07,0
0.271,0.039,0.017,0.056,0.071,0.011,0.102,0
0.142,0.126,0.085,0.182,0.052,0.114,0.057,0
0.016,0.185,0.013,0.044,0.109,0.04,0.112,0
0.135,0.047,0.089,0.017,0.007,0.05,0.001,0
0.052,0.122,0.069,0.053,0.12,0.163,0.063,0
0.258,0.017,0.098,0.179,0.009,0.12,0.073,0
0.087,0.102,0.096,0.145,0.102,0.066,0.082,0
0.106,0.069,0.012,0.248,0.08,0.156,0.035,0
0.216,0.002,0.043,0.209,0.134,0.058,0.138,0
0.055,0.16,0.078,0.019,0.05,0.109,0.074,0
0.046,0.127,0.067,0.134,0.051,0.007,0.091,0
0.143,0.121,0.061,0.191,0.043,0.089,0.053,0
0.749,0.882,0.557,0.807,0.662,0.893,0.467,1
0.175,0.192,0.076,0.0,0.12,0.179,0.043,0
0.85,0.958,0.693,0.627,0.716,0.759,0.671,1
0.089,0.063,0.008,0.219,0.023,0.133,0.062,0
0.004,0.032,0.002,0.006,0.029,0.013,0.043,0
0.903,0.493,0.866,0.663,0.868,0.6,0.685,1
0.129,0.008,0.007,0.165,0.079,0.18,0.119,0
0.032,0.075,0.086,0.035,0.079,0.002,0.053,0
0.087,0.022,0.035,0.127,0.027,0.052,0.092,0
0.123,0.164,0.08,0.051,0.029,0.083,0.01,0
0.91,0.568,0.923,0.978,0.858,0.854,0.721,1
0.023,0.005,0.074,0.235,0.078,0.005,0.048,0
0.143,0.117,0.086,0.236,0.072,0.024,0.115,0
0.177,0.175,0.037,0.225,0.048,0.058,0.094,0
0.018,0.182,0.088,0.051,0.049,0.12,0.138,0
0.679,0.505,0.622,0.708,0.773,0.882,0.517,1
0.025,0.064,0.035,0.144,0.064,0.162,0.136,0
0.209,0.194,0.055,0.249,0.002,0.029,0.122,0
0.035,0.141,0.069,0.244,0.001,0.147,0.019,0
0.945,0.573,0.456,0.966,0.748,0.77,0.725,1
0.104,0.004,0.056,0.011,0.15,0.184,0.021,0
0.214,0.19,0.004,0.243,0.09,0.036,0.091,0
0.14,0.002,0.034,0.05,0.031,0.059,0.146,0
0.278,0.168,0.091,0.023,0.104,0.129,0.133,0
0.05,0.082,0.051,0.151,0.01,0.013,0.054,0
0.06,0.135,0.002,0.047,0.017,0.136,0.024,0
0.122,0.032,0.021,0.048,0.08,0.108,0.101,0
0.13,0.135,0.021,0.031,0.132,0.031,0.113,0
0.017,0.152,0.096,0.024,0.003,0.113,0.143,0
0.577,0.907,0.596,0.62,0.69,0.557,0.589,1
0.104,0.169,0.092,0.157,0.028,0.011,0.099,0
0.182,0.104,0.009,0.141,0.124,0.16,0.137,0
0.251,0.122,0.092,0.239,0.007,0.186,0.104,0
0.268,0.109,0.051,0.03,0.007,0.124,0.02,0
0.189,0.0,0.017,0.169,0.019,0.175,0.094,0
0.081,0.04,0.057,0.115,0.007,0.196,0.094,0
0.126,0.073,0.035,0.13,0.09,0.12,0.127,0
0.154,0.158,0.039,0.204,0.024,0.164,0.075,0
0.132,0.008,0.062,0.022,0.02,0.148,0.08,0
0.233,0.19,0.036,0.089,0.077,0.192,0.027,0
0.143,0.14,0.064,0.232,0.129,0.088,0.075,0
0.199,0.052,0.035,0.169,0.075,0.036,0.034,0
0.017,0.065,0.068,0.195,0.038,0.063,0.001,0
0.091,0.074,0.084,0.22,0.024,0.069,0.003,0
0.049,0.076,0.016,0.042,0.115,0.092,0.13,0
0.831,0.729,0.841,0.74,0.462,0.56,0.715,1
0.166,0.085,0.049,0.032,0.067,0.171,0.015,0
0.121,0.013,0.018,0.084,0.022,0.011,0.098,0
0.022,0.094,0.096,0.182,0.019,0.015,0.098,0
0.115,0.166,0.073,0.182,0.042,0.113,0.063,0
0.184,0.138,0.073,0.146,0.037,0.176,0.091,0
0.166,0.147,0.052,0.166,0.065,0.168,0.017,0
0.064,0.038,0.092,0.19,0.056,0.158,0.062,0
0.196,0.152,0.058,0.014,0.06,0.043,0.124,0
0.998,0.956,0.622,0.653,0.596,0.897,0.483,1
0.035,0.078,0.052,0.192,0.015,0.035,0.08,0
0.528,0.978,0.508,0.712,0.57,0.694,0.417,1
0.001,0.08,0.001,0.181,0.019,0.051,0.042,0
0.013,0.059,0.098,0.15,0.102,0.154,0.148,0
0.245,0.055,0.04,0.072,0.008,0.073,0.115,0
0.019,0.184,0.092,0.221,0.135,0.099,0.056,0
0.202,0.145,0.043,0.099,0.065,0.184,0.012,0
0.231,0.09,0.058,0.191,0.06,0.096,0.011,0
0.195,0.093,0.076,0.139,0.056,0.143,0.07,0
0.032,0.117,0.074,0.21,0.104,0.104,0.098,0
0.019,0.032,0.081,0.07,0.076,0.094,0.072,0
0.061,0.13,0.036,0.233,0.039,0.193,0.016,0
0.001,0.043,0.042,0.122,0.036,0.12,0.091,0
0.261,0.171,0.033,0.103,0.114,0.067,0.113,0
0.245,0.048,0.006,0.145,0.082,0.042,0.074,0
0.194,0.029,0.088,0.206,0.077,0.192,0.005,0
0.267,0.074,0.092,0.22,0.145,0.1,0.123,0
0.2,0.092,0.063,0.135,0.036,0.2,0.133,0
0.103,0.195,0.095,0.179,0.149,0.152,0.084,0
0.637,0.879,0.618,0.96,0.969,0.833,0.976,1
0.259,0.084,0.048,0.053,0.076,0.175,0.097,0
0.173,0.023,0.055,0.162,0.135,0.14,0.054,0
0.2,0.126,0.035,0.032,0.119,0.042,0.055,0
0.822,0.733,0.829,0.697,0.667,0.98,0.481,1
0.285,0.183,0.04,0.113,0.059,0.083,0.045,0
0.24,0.128,0.014,0.145,0.138,0.09,0.018,0
0.934,0.551,0.607,0.895,0.884,0.64,0.917,1
0.258,0.118,0.032,0.051,0.078,0.12,0.053,0
0.285,0.002,0.01,0.084,0.043,0.069,0.067,0
0.19,0.081,0.04,0.222,0.039,0.148,0.086,0
0.029,0.05,0.022,0.121,0.099,0.068,0.005,0
0.294,0.112,0.023,0.232,0.132,0.132,0.009,0
0.28,0.075,0.035,0.246,0.061,0.121,0.03,0
0.006,0.091,0.058,0.02,0.04,0.194,0.123,0
0.072,0.107,0.062,0.024,0.132,0.075,0.082,0
0.207,0.187,0.008,0.167,0.053,0.142,0.025,0
0.215,0.152,0.022,0.242,0.142,0.07,0.057,0
0.131,0.105,0.078,0.006,0.125,0.095,0.076,0
0.127,0.168,0.045,0.163,0.037,0.003,0.06,0
0.245,0.171,0.067,0.171,0.137,0.134,0.012,0
0.174,0.168,0.028,0.166,0.045,0.015,0.099,0
0.031,0.071,0.019,0.128,0.028,0.146,0.012,0
0.214,0.069,0.033,0.222,0.068,0.012,0.116,0
0.02,0.161,0.081,0.033,0.056,0.177,0.06,0
0.272,0.128,0.072,0.071,0.083,0.155,0.139,0
0.106,0.158,0.048,0.036,0.008,0.001,0.061,0
0.176,0.131,0.064,0.153,0.015,0.104,0.121,0
0.202,0.132,0.049,0.03,0.078,0.001,0.006,0
0.29,0.041,0.064,0.198,0.107,0.16,0.001,0
0.794,0.994,0.851,0.869,0.886,0.811,0.773,1
0.127,0.077,0.076,0.111,0.099,0.05,0.024,0
0.084,0.189,0.08,0.002,0.095,0.178,0.012,0
0.012,0.007,0.022,0.024,0.082,0.095,0.037,0
0.746,0.414,0.322,0.761,0.463,0.802,0.687,1
0.236,0.146,0.02,0.022,0.135,0.155,0.019,0
0.012,0.069,0.031,0.046,0.016,0.123,0.067,0
0.091,0.19,0.049,0.21,0.099,0.124,0.052,0
0.105,0.169,0.018,0.022,0.111,0.112,0.004,0
0.219,0.059,0.045,0.142,0.018,0.012,0.018,0
0.287,0.185,0.071,0.062,0.073,0.021,0.093,0
0.104,0.119,0.044,0.191,0.005,0.143,0.027,0
0.197,0.192,0.09,0.042,0.049,0.159,0.042,0
0.0,0.191,0.074,0.208,0.043,0.105,0.063,0
0.014,0.09,0.091,0.23,0.069,0.055,0.146,0
0.092,0.192,0.05,0.24,0.135,0.102,0.147,0
0.048,0.126,0.062,0.126,0.075,0.104,0.044,0
0.155,0.17,0.025,0.18,0.139,0.177,0.04,0
0.277,0.097,0.075,0.051,0.1,0.186,0.092,0
0.114,0.063,0.034,0.098,0.102,0.119,0.054,0
0.094,0.123,0.075,0.19,0.062,0.007,0.029,0
0.217,0.116,0.053,0.217,0.048,0.009,0.127,0
0.583,0.956,0.567,0.66,0.881,0.906,0.961,1
0.23,0.033,0.038,0.166,0.117,0.09,0.108,0
0.214,0.16,0.039,0.221,0.08,0.194,0.115,0
0.814,0.707,0.929,0.819,0.488,0.979,0.465,1
0.575,0.975,0.775,0.806,0.578,0.648,0.927,1
0.119,0.166,0.021,0.222,0.02,0.043,0.016,0
0.034,0.061,0.027,0.25,0.128,0.028,0.038,0
0.022,0.081,0.078,0.11,0.005,0.12,0.114,0
0.155,0.05,0.038,0.154,0.137,0.011,0.067,0
0.232,0.147,0.076,0.126,0.011,0.128,0.101,0
0.006,0.132,0.091,0.108,0.026,0.027,0.013,0
0.112,0.154,0.021,0.1,0.116,0.142,0.149,0
0.21,0.143,0.006,0.011,0.009,0.148,0.02,0
0.699,0.483,0.494,0.778,0.592,0.795,0.616,1
0.25,0.18,0.093,0.08,0.128,0.122,0.033,0
0.113,0.102,0.007,0.055,0.048,0.187,0.067,0
0.108,0.073,0.078,0.064,0.072,0.038,0.043,0
0.206,0.029,0.099,0.159,0.088,0.091,0.079,0
0.81,0.987,0.77,0.639,0.875,0.724,0.955,1
0.176,0.04,0.004,0.091,0.108,0.122,0.117,0
0.115,0.055,0.001,0.233,0.082,0.084,0.013,0
0.222,0.052,0.041,0.242,0.149,0.006,0.104,0
0.112,0.136,0.042,0.097,0.099,0.031,0.142,0
0.567,0.544,0.622,0.856,0.535,0.691,0.961,1
0.259,0.078,0.042,0.006,0.139,0.199,0.052,0
0.276,0.096,0.021,0.175,0.032,0.112,0.013,0
0.229,0.054,0.076,0.136,0.057,0.017,0.027,0
0.186,0.142,0.098,0.024,0.013,0.001,0.063,0
0.271,0.134,0.037,0.169,0.119,0.191,0.121,0
0.085,0.014,0.1,0.133,0.134,0.033,0.069,0
0.158,0.153,0.068,0.008,0.022,0.072,0.007,0
0.079,0.035,0.006,0.057,0.107,0.099,0.054,0
0.128,0.152,0.036,0.225,0.144,0.043,0.071,0
0.2,0.097,0.022,0.036,0.102,0.147,0.108,0
0.217,0.026,0.082,0.195,0.077,0.007,0.041,0
0.001,0.135,0.001,0.075,0.005,0.074,0.069,0
0.023,0.02,0.041,0.128,0.116,0.005,0.106,0
0.18,0.148,0.036,0.129,0.004,0.033,0.042,0
0.67,0.858,0.506,0.888,0.981,0.869,0.89,1
0.077,0.128,0.034,0.218,0.085,0.059,0.119,0
0.281,0.071,0.05,0.228,0.148,0.118,0.014,0
0.004,0.092,0.032,0.055,0.077,0.111,0.028,0
0.001,0.092,0.063,0.097,0.039,0.148,0.076,0
0.265,0.095,0.064,0.038,0.001,0.183,0.122,0
0.269,0.012,0.002,0.091,0.019,0.068,0.05,0
0.2,0.045,0.08,0.179,0.103,0.121,0.001,0
0.102,0.113,0.081,0.131,0.115,0.029,0.13,0
0.292,0.03,0.081,0.053,0.066,0.112,0.112,0
0.016,0.096,0.042,0.108,0.14,0.182,0.024,0
0.724,0.437,0.78,0.901,0.563,0.742,0.759,1
0.293,0.13,0.02,0.035,0.076,0.085,0.08,0
0.055,0.017,0.073,0.168,0.004,0.011,0.08,0
0.271,0.132,0.015,0.027,0.148,0.139,0.016,0
0.293,0.129,0.034,0.134,0.009,0.176,0.133,0
0.207,0.099,0.007,0.046,0.074,0.166,0.056,0
0.999,0.504,0.668,0.588,0.63,0.671,0.537,1
0.826,0.872,0.557,0.568,0.789,0.894,0.925,1
0.17,0.173,0.041,0.205,0.066,0.102,0.089,0
0.163,0.128,0.088,0.217,0.08,0.145,0.017,0
0.79,0.84,0.568,0.905,0.447,0.761,0.406,1
0.011,0.146,0.077,0.114,0.068,0.159,0.086,0
0.565,0.692,0.972,0.794,0.682,0.938,0.414,1
0.156,0.048,0.047,0.155,0.133,0.1,0.067,0
0.025,0.088,0.072,0.23,0.019,0.081,0.024,0
0.253,0.194,0.021,0.081,0.051,0.028,0.124,0
0.096,0.174,0.018,0.096,0.083,0.179,0.017,0
0.243,0.158,0.09,0.244,0.125,0.051,0.043,0
0.133,0.077,0.029,0.074,0.05,0.131,0.029,0
0.034,0.134,0.081,0.182,0.024,0.162,0.096,0
0.096,0.03,0.04,0.166,0.012,0.146,0.043,0
0.077,0.046,0.053,0.221,0.131,0.007,0.037,0
0.06,0.146,0.016,0.238,0.077,0.086,0.13,0
0.251,0.039,0.002,0.103,0.099,0.181,0.072,0
0.089,0.012,0.021,0.235,0.089,0.03,0.071,0
0.076,0.065,0.037,0.172,0.061,0.191,0.034,0
0.166,0.014,0.058,0.075,0.047,0.175,0.144,0
0.275,0.016,0.014,0.232,0.048,0.172,0.107,0
0.292,0.01,0.029,0.179,0.147,0.19,0.091,0
0.037,0.123,0.092,0.035,0.074,0.115,0.075,0
0.03,0.04,0.073,0.239,0.071,0.053,0.077,0
0.122,0.093,0.0,0.187,0.124,0.069,0.107,0
0.057,0.068,0.062,0.052,0.038,0.021,0.067,0
0.139,0.142,0.046,0.091,0.025,0.142,0.087,0
0.025,0.115,0.068,0.209,0.042,0.122,0.009,0
0.108,0.034,0.04,0.218,0.056,0.108,0.118,0
0.262,0.043,0.053,0.21,0.123,0.09,0.145,0
0.088,0.096,0.045,0.234,0.067,0.109,0.113,0
0.104,0.13,0.055,0.012,0.073,0.018,0.016,0
0.283,0.089,0.084,0.029,0.101,0.097,0.123,0
0.22,0.013,0.028,0.101,0.065,0.032,0.058,0
0.227,0.071,0.009,0.203,0.044,0.198,0.132,0
0.183,0.09,0.065,0.066,0.137,0.08,0.04,0
0.271,0.081,0.022,0.142,0.088,0.011,0.087,0
0.633,0.543,0.831,0.85,0.515,0.533,0.576,1
0.219,0.085,0.081,0.156,0.038,0.114,0.037,0
0.029,0.19,0.04,0.232,0.094,0.071,0.079,0
0.225,0.086,0.054,0.176,0.04,0.189,0.004,0
0.088,0.06,0.007,0.041,0.016,0.166,0.065,0
0.268,0.119,0.042,0.117,0.06,0.062,0.039,0
0.221,0.063,0.044,0.201,0.027,0.036,0.015,0
0.115,0.179,0.013,0.153,0.129,0.036,0.05,0
0.011,0.191,0.055,0.219,0.054,0.148,0.126,0
0.081,0.132,0.062,0.162,0.0,0.019,0.128,0
0.185,0.047,0.046,0.195,0.017,0.116,0.111,0
0.281,0.054,0.079,0.212,0.002,0.135,0.012,0
0.101,0.196,0.022,0.17,0.016,0.08,0.01,0
0.3,0.183,0.072,0.191,0.137,0.188,0.007,0
0.19,0.022,0.032,0.02,0.069,0.102,0.027,0
0.065,0.111,0.001,0.046,0.135,0.052,0.092,0
0.279,0.07,0.056,0.175,0.086,0.065,0.043,0
0.289,0.145,0.039,0.04,0.047,0.101,0.145,0
0.005,0.144,0.03,0.011,0.114,0.188,0.061,0
0.03,0.088,0.06,0.015,0.115,0.011,0.02,0
0.182,0.022,0.022,0.15,0.052,0.157,0.086,0
0.99,0.908,0.557,0.839,0.613,0.507,0.645,1
0.201,0.094,0.052,0.245,0.075,0.092,0.11,0
0.164,0.009,0.037,0.25,0.069,0.021,0.018,0
0.033,0.09,0.058,0.238,0.014,0.064,0.141,0
0.093,0.153,0.087,0.126,0.116,0.115,0.032,0
0.284,0.077,0.04,0.23,0.112,0.166,0.018,0
0.002,0.067,0.042,0.166,0.024,0.121,0.094,0
0.243,0.015,0.038,0.112,0.03,0.15,0.002,0
0.244,0.183,0.077,0.174,0.054,0.13,0.086,0
0.616,0.593,0.347,0.561,0.406,0.541,0.826,1
0.112,0.199,0.04,0.081,0.005,0.185,0.117,0
0.008,0.13,0.058,0.166,0.048,0.063,0.145,0
0.034,0.119,0.079,0.185,0.1,0.085,0.057,0
0.172,0.077,0.002,0.007,0.035,0.026,0.117,0
0.279,0.046,0.053,0.223,0.109,0.118,0.114,0
0.231,0.052,0.028,0.227,0.039,0.136,0.038,0
0.222,0.116,0.068,0.042,0.011,0.141,0.075,0
0.608,0.403,0.893,0.714,0.464,0.519,0.63,1
0.182,0.173,0.083,0.168,0.06,0.091,0.112,0
0.115,0.021,0.096,0.034,0.085,0.009,0.08,0
0.216,0.017,0.095,0.095,0.091,0.084,0.127,0
0.11,0.036,0.052,0.028,0.07,0.183,0.067,0
0.148,0.17,0.093,0.031,0.037,0.099,0.108,0
0.036,0.116,0.043,0.014,0.147,0.016,0.146,0
0.948,0.665,0.684,0.995,0.893,0.856,0.92,1
0.211,0.06,0.099,0.063,0.086,0.112,0.005,0
0.264,0.185,0.093,0.173,0.033,0.157,0.05,0
0.016,0.138,0.082,0.235,0.145,0.126,0.064,0
0.22,0.188,0.086,0.051,0.069,0.059,0.118,0
0.113,0.029,0.046,0.043,0.026,0.155,0.096,0
0.226,0.121,0.032,0.057,0.125,0.101,0.035,0
0.019,0.142,0.012,0.241,0.14,0.096,0.07,0
0.09,0.058,0.024,0.004,0.089,0.157,0.075,0
0.177,0.178,0.074,0.068,0.061,0.135,0.049,0
0.191,0.07,0.026,0.098,0.121,0.077,0.101,0
0.131,0.08,0.072,0.011,0.054,0.16,0.049,0
0.182,0.026,0.058,0.236,0.012,0.198,0.002,0
0.866,0.483,0.828,0.562,0.59,0.568,0.672,1
0.141,0.014,0.049,0.017,0.046,0.156,0.018,0
0.229,0.176,0.047,0.083,0.089,0.09,0.138,0
0.08,0.079,0.062,0.124,0.122,0.103,0.08,0
0.054,0.142,0.025,0.249,0.107,0.127,0.034,0
0.273,0.062,0.069,0.122,0.044,0.12,0.049,0
0.599,0.57,0.368,0.627,0.706,0.501,0.737,1
0.033,0.02,0.093,0.037,0.115,0.146,0.063,0
0.214,0.098,0.025,0.096,0.122,0.129,0.101,0
0.249,0.135,0.007,0.095,0.094,0.031,0.112,0
0.594,0.404,0.31,0.662,0.522,0.809,0.684,1
0.041,0.085,0.017,0.153,0.103,0.052,0.1,0
0.212,0.058,0.053,0.072,0.12,0.107,0.022,0
0.072,0.059,0.01,0.058,0.024,0.056,0.12,0
0.016,0.077,0.098,0.127,0.051,0.103,0.094,0
