flood_risk_3yr,weather_forecast_risk,aqi_forecast,strike_frequency,avg_weekly_earnings,tenure_weeks,past_claims_count,premium_target
15.79,61.66,18.73,1.69,4148.28,88,4,46.33
73.75,92.57,42.71,2.63,7337.8,72,12,60.86
75.94,93.25,71.45,1.34,5883.67,64,9,56.51
68.92,76.17,36.98,2.12,3583.95,27,1,56.29
28.52,4.11,1.79,2.31,6716.95,43,1,43.69
72.31,71.73,64.21,0.7,7540.92,92,2,50.54
51.17,46.81,32.37,2.91,5997.45,81,2,49.88
10.16,69.15,48.74,2.54,7881.93,82,12,55.92
48.24,34.97,9.72,1.97,7588.64,54,15,49.36
93.48,90.16,22.05,0.98,6054.12,104,7,51.49
93.46,62.52,86.86,2.33,4822.0,82,5,61.21
15.63,81.58,7.41,3.93,6395.22,94,9,55.54
8.08,4.4,14.06,1.92,5589.98,69,3,39.25
66.6,66.46,40.41,0.83,6879.6,82,7,50.73
86.89,40.46,27.79,3.29,3934.08,49,3,57.12
44.98,51.11,94.89,1.67,3941.9,1,1,52.92
19.62,51.29,51.77,4.52,7403.0,68,1,61.44
33.39,12.86,2.69,1.29,7436.29,82,14,45.26
30.48,89.97,17.46,4.1,5399.37,26,10,55.43
32.94,18.06,82.98,2.92,7064.86,2,12,55.55
23.88,14.69,25.0,3.51,7314.46,64,9,48.31
18.13,37.94,13.93,4.46,6815.81,76,11,57.52
15.59,96.43,5.06,1.01,6329.97,12,4,46.4
99.17,75.69,12.04,1.43,6187.98,54,15,56.56
93.38,68.98,47.57,3.13,6417.51,83,6,62.94
82.25,88.32,91.12,4.88,4753.97,69,11,72.78
87.46,82.91,35.09,4.7,6606.43,34,5,69.9
30.18,18.3,40.27,2.41,7111.05,40,8,47.41
19.44,84.42,86.96,3.29,4341.8,36,1,56.13
97.96,80.45,70.55,3.87,4390.92,74,11,67.1
53.92,42.81,22.66,2.06,5636.54,26,9,50.22
76.84,74.59,76.41,2.04,4170.87,45,12,58.93
74.2,43.71,93.25,3.12,3329.59,32,12,59.53
5.47,80.46,66.47,0.31,6589.83,52,12,43.09
45.73,18.0,1.94,4.34,3724.84,98,6,59.86
42.61,81.17,27.72,3.42,5739.24,67,6,59.47
89.64,0.29,49.82,2.08,7644.5,10,8,61.26
83.95,18.99,75.89,1.35,7270.86,71,0,51.04
37.95,55.92,4.25,3.17,4213.26,11,7,53.21
82.56,89.83,34.61,2.56,3183.34,94,12,57.61
90.07,49.92,27.63,1.34,5445.47,69,13,52.03
7.49,59.01,50.41,0.01,7188.13,23,2,39.85
74.59,12.16,95.91,1.38,3223.15,2,14,53.39
96.69,59.25,22.03,1.98,4920.96,34,0,54.93
29.95,93.82,67.77,0.59,5152.6,48,8,49.06
74.11,57.21,80.29,3.62,7470.48,54,12,64.91
57.27,71.7,2.57,4.04,7702.47,32,1,56.9
86.41,27.25,38.71,4.3,3359.08,70,11,64.16
75.22,13.69,6.91,2.25,7500.15,10,9,49.56
21.36,77.47,91.75,4.48,4382.93,100,7,65.15
57.61,36.49,41.18,3.42,7161.75,17,15,59.0
71.88,57.27,28.28,2.52,6804.56,32,3,58.81
45.39,30.92,93.34,0.43,7068.91,83,4,50.0
25.73,73.8,21.62,2.24,6645.95,49,14,53.07
4.61,44.36,61.34,0.15,3875.37,4,1,37.16
29.56,25.82,80.59,4.11,7139.47,6,5,66.48
71.66,86.09,65.75,4.52,3545.86,104,9,64.51
45.59,0.06,4.11,0.8,3521.24,90,7,35.3
29.44,63.16,79.21,4.29,5817.81,102,0,63.32
27.01,52.67,60.9,1.79,5738.95,94,10,50.49
25.66,80.22,72.67,3.65,5212.91,86,11,61.2
66.42,6.39,26.92,0.07,6869.92,75,13,43.66
39.38,80.67,98.72,1.3,6753.3,78,15,52.9
73.14,44.2,11.85,0.93,7784.9,58,2,50.56
60.59,63.27,70.31,2.43,7706.19,41,3,59.57
35.71,10.47,96.02,0.8,4576.59,86,14,45.7
85.35,62.01,70.94,1.58,4665.81,78,13,56.96
45.8,58.5,18.45,0.15,6382.59,6,10,43.88
76.01,36.79,76.51,1.16,5440.39,85,4,46.31
71.47,17.07,46.7,1.72,7333.89,2,6,53.82
47.55,83.17,2.32,2.1,6038.18,67,9,51.37
38.35,12.82,53.05,0.78,4154.56,57,14,42.3
43.88,97.32,17.8,4.3,4781.91,89,3,62.16
14.12,11.3,54.54,1.11,7823.03,25,13,47.14
79.4,18.58,88.41,4.77,4784.1,67,11,66.63
20.47,81.47,61.02,3.36,4565.31,39,0,50.79
73.88,94.44,10.76,1.81,7524.89,68,0,53.86
47.45,26.83,80.07,4.69,7065.57,7,6,63.16
95.06,56.36,78.43,0.66,3245.69,3,0,51.84
34.99,26.15,82.73,2.28,7923.13,56,2,51.91
90.99,19.35,42.99,0.09,5532.52,32,6,47.33
60.97,13.9,43.77,3.12,5621.4,73,0,47.47
83.14,36.29,35.2,2.82,4925.73,3,10,59.79
97.1,4.22,16.73,2.21,6660.41,34,6,54.35
11.42,48.62,48.94,0.68,7456.26,31,5,42.73
61.55,92.0,43.99,0.42,6278.02,80,3,50.52
99.4,8.3,90.55,0.55,4251.38,10,4,51.26
92.21,45.67,68.33,4.91,6759.33,75,1,70.47
91.07,83.96,28.95,0.8,4069.34,13,11,53.41
79.54,51.87,25.96,4.75,3198.5,12,7,69.66
75.56,70.42,88.8,1.1,3268.39,65,11,51.51
82.1,37.48,4.03,3.45,7740.5,90,0,56.02
72.07,98.06,55.02,2.4,4221.5,80,11,61.51
91.98,83.8,59.51,1.1,6463.3,29,0,57.12
71.12,17.98,77.52,3.32,7770.78,70,14,64.12
20.97,38.1,46.56,1.33,6451.87,53,3,43.11
88.77,63.82,94.36,3.77,5160.55,104,1,66.54
29.06,58.01,91.75,0.2,5830.42,93,5,40.97
2.94,9.39,92.82,4.27,4469.23,93,11,56.6
85.66,67.05,12.65,0.3,4785.21,66,0,45.01
35.62,47.53,10.96,2.04,6933.86,93,14,49.67
81.62,11.12,46.3,0.28,5630.56,98,0,45.11
27.86,95.06,41.88,2.49,7406.79,55,3,52.13
87.78,50.13,49.3,1.36,6387.43,0,10,53.88
59.71,35.15,41.83,0.8,5659.52,13,5,47.99
73.28,85.07,7.3,0.22,3794.94,69,4,46.24
0.64,17.17,95.55,0.62,4747.63,90,11,36.22
23.3,93.57,17.19,4.43,5015.66,4,4,61.39
33.24,25.47,89.69,3.68,7563.04,64,14,59.69
13.24,48.51,68.64,1.02,6771.34,10,15,44.19
5.19,30.76,80.71,1.63,5746.04,91,7,40.09
62.99,19.64,90.5,3.37,6927.1,77,8,58.82
99.5,36.46,32.13,3.97,4860.86,50,0,63.06
68.9,23.78,58.06,2.62,6121.19,12,8,57.67
95.51,17.96,11.8,4.61,7611.55,85,8,61.77
52.92,82.22,69.95,4.94,4760.92,76,2,63.76
48.99,5.32,3.01,4.42,5372.53,33,10,59.86
58.0,73.91,89.75,3.66,4283.17,67,1,59.05
29.3,2.85,37.29,4.3,4764.27,77,5,55.12
68.2,99.58,16.56,1.35,6215.16,31,2,51.11
7.24,16.82,83.36,2.39,6402.47,46,11,50.17
17.46,93.6,37.5,0.8,3386.73,101,11,40.93
8.02,63.92,40.17,4.05,5396.85,2,3,56.15
80.61,55.88,90.81,2.41,3371.0,38,12,61.15
15.59,50.62,1.34,0.3,6303.74,43,4,34.77
39.31,75.42,43.69,0.68,3477.51,74,14,47.35
69.43,2.46,3.15,0.47,4641.61,93,12,36.69
58.02,16.51,20.03,3.61,6796.75,30,4,57.55
81.87,60.78,18.67,4.06,3509.06,80,10,61.72
42.79,44.88,33.41,0.8,7917.62,100,3,39.59
2.83,0.36,44.16,0.18,6146.44,21,9,34.81
92.46,28.6,52.35,2.58,7725.44,23,15,58.88
17.22,55.54,6.09,3.87,7767.87,42,7,54.82
0.25,37.48,84.85,1.03,6545.59,95,6,41.68
91.73,52.81,30.67,2.9,3445.97,94,14,57.1
8.98,0.77,83.72,2.4,4867.95,0,10,45.9
70.64,88.64,33.77,4.99,5399.87,61,9,67.16
56.19,89.95,35.76,4.15,3834.02,98,2,62.72
78.64,83.86,11.52,2.8,4984.69,69,15,59.97
3.63,24.31,95.1,1.06,7428.84,11,11,42.21
43.0,44.71,39.24,2.6,5128.76,27,15,57.6
9.32,1.94,98.55,3.01,3665.23,2,12,52.76
83.97,47.69,78.38,0.54,5281.9,58,1,53.06
78.06,41.03,57.44,0.06,7451.52,29,1,42.36
81.26,38.84,74.17,1.58,5025.64,99,10,50.86
50.76,42.46,33.85,0.67,4720.88,28,12,46.17
11.27,99.09,51.45,3.95,6727.32,65,6,61.36
91.41,15.55,99.53,0.71,6844.75,85,2,48.96
70.0,64.66,65.58,4.79,7747.87,63,10,66.33
33.06,71.27,41.97,3.73,7411.1,86,12,57.4
38.5,46.4,14.43,3.24,7776.44,27,1,56.49
45.81,49.37,45.2,1.04,7358.45,63,6,49.34
10.18,80.39,57.03,3.09,4004.3,46,15,50.23
82.79,98.72,73.19,3.23,5058.45,101,4,65.1
2.84,79.61,6.25,3.92,4160.45,81,12,53.93
40.98,67.16,93.09,1.74,4444.63,5,12,52.72
90.12,16.41,35.81,1.45,4794.5,100,3,47.91
82.3,51.31,56.68,1.62,4421.14,29,7,51.94
70.62,47.69,54.33,1.33,3155.4,43,7,46.24
5.83,92.53,69.77,0.53,6567.83,68,15,44.73
36.38,0.97,94.81,0.51,4060.0,75,0,42.19
63.2,12.83,68.26,2.01,4673.79,77,6,50.53
52.51,23.84,37.98,0.13,7307.72,47,13,42.41
88.52,98.67,22.6,3.35,3980.82,52,5,68.79
62.52,23.22,24.6,3.74,6650.27,49,5,56.25
12.82,30.63,26.63,2.88,3978.31,33,1,44.67
65.12,81.17,25.16,0.97,7278.75,24,15,50.82
23.71,17.83,92.94,0.12,3746.95,71,4,42.03
86.94,62.2,75.89,1.45,7941.83,43,5,55.24
39.14,65.5,26.67,3.04,6331.44,93,10,52.17
99.91,73.01,95.62,2.54,7351.53,87,8,64.31
19.51,84.66,51.5,2.9,7834.08,71,0,55.9
76.09,5.31,60.25,0.19,6062.68,62,14,44.2
87.74,4.5,7.35,1.04,6279.47,100,9,45.82
84.03,66.03,40.57,2.37,6460.67,104,14,64.93
35.44,44.87,99.87,2.23,5442.11,89,5,57.73
34.33,21.82,61.44,4.55,4345.63,21,3,54.96
40.53,55.47,97.79,3.16,7291.15,44,0,58.48
95.08,14.24,18.48,2.77,6794.25,78,2,52.38
39.66,71.17,43.75,3.57,4047.03,21,15,58.99
34.05,29.69,51.8,3.17,4548.7,45,14,54.39
90.59,66.46,95.9,4.94,3199.13,85,3,66.28
36.18,37.38,65.81,3.9,6537.75,91,5,54.46
84.12,70.8,58.42,2.21,7075.36,81,1,56.92
23.12,83.06,67.64,0.64,6488.2,40,13,46.86
58.89,54.28,33.55,1.82,7908.16,100,6,53.86
68.34,33.87,86.31,0.74,5981.38,72,13,47.54
77.16,78.82,10.55,0.38,7219.31,75,7,46.65
20.01,0.38,23.93,2.51,4618.35,67,4,40.55
37.7,79.14,86.88,0.74,4448.33,47,8,44.2
94.99,60.41,33.73,2.7,5353.3,44,14,64.4
50.35,60.51,30.03,4.96,6433.93,46,9,62.34
77.97,20.97,67.15,3.34,5739.6,82,11,57.88
26.51,23.23,10.44,1.46,5389.81,4,15,45.12
1.0,27.4,76.79,3.13,5709.72,42,3,46.69
48.33,45.26,29.71,0.86,7072.04,17,8,51.78
9.66,69.9,25.24,2.62,7359.26,22,11,47.76
17.23,99.44,47.86,2.65,3358.99,78,12,56.05
71.3,41.51,60.18,1.26,3483.69,85,2,49.27
34.09,36.91,9.12,2.8,6719.11,53,11,49.54
31.81,32.91,30.47,3.07,3740.14,93,15,52.97
95.9,84.21,88.6,4.81,4144.95,2,1,74.05
92.82,45.16,6.65,1.59,6965.97,59,4,51.18
39.07,2.96,71.32,0.72,3312.17,84,1,42.98
66.13,56.75,82.59,0.07,5455.24,66,4,46.43
61.92,67.89,46.31,2.73,3752.88,89,13,54.57
65.99,21.78,90.76,3.73,5064.1,45,11,62.66
46.11,0.21,43.44,1.66,6433.57,26,6,44.22
62.96,52.0,71.02,4.12,7560.91,88,4,60.94
52.26,62.83,3.58,1.09,6198.14,7,3,45.54
62.38,77.08,94.03,3.66,3687.8,16,0,66.74
51.0,97.54,41.92,4.4,4186.94,86,13,63.92
83.28,52.43,1.82,3.73,6889.53,82,2,62.39
3.16,72.76,76.63,3.16,7434.45,16,13,57.23
69.25,99.17,2.08,1.92,6911.98,34,10,58.66
50.24,22.55,61.22,4.5,6100.79,1,0,58.33
58.55,86.31,17.22,4.43,6924.28,93,7,65.83
22.17,98.62,90.78,1.65,5678.55,57,2,50.57
40.1,42.03,79.51,1.76,4819.03,39,8,47.58
45.12,53.17,39.03,1.16,6900.18,40,0,47.45
14.12,52.81,38.75,2.28,4567.3,42,10,49.09
99.31,43.71,22.81,0.01,3826.54,54,4,44.66
15.96,97.93,95.5,4.34,3279.16,28,11,60.88
2.61,83.78,32.24,0.79,5006.38,69,5,40.68
66.43,46.34,35.18,1.35,6226.21,66,3,49.51
20.17,78.22,13.97,2.48,3745.64,92,3,45.56
55.54,45.26,69.35,0.04,7310.84,33,14,48.46
20.45,46.13,60.44,2.01,5213.49,59,3,45.76
38.32,66.37,34.9,2.84,7048.07,42,11,50.46
10.4,56.19,54.74,4.88,7173.41,62,9,60.15
70.85,83.15,21.99,2.78,3946.0,71,13,59.75
31.96,44.64,86.5,1.92,6674.02,59,11,50.73
89.0,13.4,49.62,2.0,7832.5,20,0,53.62
47.42,89.12,56.54,2.49,6529.03,41,14,57.89
85.59,76.5,58.64,0.33,3061.78,43,15,48.03
17.84,71.9,5.71,1.74,4823.3,97,10,45.78
98.26,57.0,43.18,3.82,7992.18,21,5,64.97
14.42,57.75,55.12,4.57,7406.94,88,6,58.04
27.43,71.18,87.09,1.01,5582.93,80,11,51.05
50.51,90.67,64.18,1.28,6055.96,85,6,53.58
34.54,39.8,75.87,3.74,6669.58,69,8,55.44
98.14,55.07,68.87,2.45,6203.82,66,10,59.93
54.04,70.92,75.52,0.85,7026.1,51,8,52.27
48.47,7.61,26.7,0.46,5537.17,0,6,47.16
58.62,45.59,67.29,2.58,6357.67,16,2,60.59
63.17,91.08,75.85,4.36,3606.88,77,11,69.78
40.04,5.68,23.63,4.41,4726.35,7,8,58.78
49.64,61.45,21.11,0.98,5854.21,67,7,44.56
77.03,86.41,42.06,0.11,4928.23,54,9,51.86
30.48,22.99,2.78,2.21,5830.54,5,6,50.05
22.45,61.56,10.99,1.67,7257.34,38,15,45.18
27.43,70.16,3.28,2.98,4121.03,5,0,51.6
55.36,95.11,3.17,3.55,3048.75,54,12,60.71
18.93,66.58,91.68,2.55,3623.07,43,10,54.49
46.68,70.36,48.07,0.19,7648.34,100,5,47.23
12.73,97.13,93.9,3.19,6440.42,37,15,58.1
76.35,30.7,24.24,3.0,7782.45,43,13,56.95
14.51,18.01,48.81,2.56,6841.52,66,6,48.86
27.79,80.85,86.47,1.54,6386.46,100,9,50.68
90.77,50.21,66.46,1.43,3279.31,24,0,54.39
4.13,11.43,87.85,2.44,7234.13,98,8,45.44
3.46,46.66,83.93,0.49,4358.29,63,11,40.57
70.38,56.24,94.29,4.39,6804.73,80,7,70.7
81.9,19.27,75.9,1.63,7656.48,51,11,51.51
60.02,33.96,15.07,1.16,4654.64,98,15,50.54
64.3,58.58,76.43,2.89,4060.49,46,8,59.75
18.1,8.63,46.27,2.85,3265.15,74,10,50.03
13.63,59.61,8.07,4.12,4400.56,74,14,52.92
65.19,83.42,55.36,2.44,4900.97,75,2,55.74
73.96,59.84,62.88,2.56,4132.51,57,5,60.2
21.3,47.49,6.58,1.65,3661.43,32,0,39.45
58.95,73.58,69.41,0.73,4157.44,34,12,50.43
47.94,82.59,88.25,3.09,5246.85,10,2,63.17
62.14,59.45,48.3,2.39,5692.07,61,7,56.14
16.14,83.94,38.19,3.87,4220.62,30,2,53.75
42.54,92.04,25.27,4.14,7587.43,33,2,65.6
59.93,94.88,50.61,2.74,4567.87,35,12,59.74
3.66,55.37,31.22,0.7,7425.22,66,9,39.59
62.63,99.54,83.37,3.98,4946.43,41,14,64.94
86.01,64.58,68.99,0.88,3527.27,0,8,54.0
83.27,38.34,14.19,0.12,3100.35,59,2,45.33
85.67,22.46,64.27,3.3,4775.75,39,10,59.11
24.03,91.4,78.13,0.59,3656.67,39,4,44.14
27.71,42.25,10.19,1.52,6547.32,27,6,40.37
28.61,12.35,87.77,0.73,5657.7,43,7,42.22
61.02,75.64,49.55,4.96,3457.22,65,3,68.79
6.99,40.61,83.25,2.88,7325.89,44,13,55.48
1.52,21.31,58.15,2.55,6549.09,9,4,50.16
61.91,54.5,26.3,0.66,6963.26,21,14,51.25
27.32,33.62,4.42,2.89,5740.11,20,13,55.26
59.36,48.08,45.3,2.63,3705.76,80,9,53.33
96.82,35.58,46.24,0.82,4747.62,10,0,52.37
51.09,57.85,32.02,3.04,3321.55,20,12,61.21
0.06,15.07,80.6,2.82,7160.56,60,7,47.02
65.81,79.1,1.4,4.11,5585.56,60,11,63.02
16.95,42.79,78.48,1.15,3275.3,15,8,49.73
5.01,1.31,31.37,4.77,7952.47,15,0,56.09
19.98,23.82,2.78,2.36,6853.34,66,1,41.87
89.68,86.63,1.46,4.48,6651.47,68,11,66.18
80.62,29.08,6.61,2.85,4618.37,76,14,53.16
58.93,79.84,70.55,2.31,6992.25,44,13,56.54
90.97,11.09,29.07,2.74,5716.62,71,5,57.44
49.93,38.99,15.85,0.58,3827.88,93,8,41.43
32.61,20.47,44.87,0.31,7068.09,53,9,41.67
84.35,64.84,33.22,3.58,6025.85,95,1,63.85
45.46,1.61,2.28,4.86,3514.58,48,8,51.81
83.47,92.23,10.17,0.59,5240.48,74,0,47.06
61.73,31.22,26.3,3.79,3855.37,1,4,58.96
36.68,99.61,53.9,0.38,6277.74,14,9,48.78
16.25,57.25,17.45,1.89,7670.85,3,9,50.99
30.49,23.08,33.01,1.88,6169.18,25,11,52.05
72.38,8.37,20.64,1.7,7460.33,66,8,51.6
80.93,37.71,4.29,4.84,3120.83,102,11,61.78
53.28,78.33,76.47,4.78,3175.7,62,0,62.13
85.99,12.85,91.8,1.88,7393.79,69,4,54.3
8.56,38.94,75.53,4.05,3871.34,7,11,57.62
62.1,33.81,72.49,4.26,6431.61,6,5,67.06
79.45,61.37,12.89,2.54,5771.53,25,0,50.53
93.35,98.03,24.56,0.35,6890.35,101,11,56.27
60.15,4.68,0.37,0.07,7734.28,53,8,41.29
51.29,78.85,27.57,1.04,3320.7,14,9,49.23
79.84,43.53,60.12,3.21,4052.75,51,4,55.41
51.25,84.45,20.4,3.21,3324.56,16,10,58.98
32.87,57.95,18.28,3.69,3717.78,68,15,53.2
99.12,2.75,8.49,4.62,3010.66,68,15,63.48
67.78,13.33,18.66,0.1,4479.98,58,12,45.62
75.22,22.11,90.86,4.31,6009.46,37,1,65.36
6.18,70.71,9.35,2.05,3677.99,63,10,43.06
17.51,89.5,49.27,1.46,6829.92,30,10,49.48
83.34,6.23,26.87,1.65,6746.93,2,11,51.32
15.83,90.56,19.18,1.65,4283.27,48,9,49.75
54.15,97.53,2.32,3.38,6939.35,34,2,54.97
65.56,74.14,73.31,0.26,5805.84,13,9,52.24
36.69,74.76,8.19,3.36,4628.84,10,13,55.2
13.52,79.92,30.45,3.13,7326.61,104,1,47.46
26.49,86.08,62.55,2.35,5002.7,45,4,49.23
82.8,77.74,75.59,2.78,6668.07,48,8,62.88
27.9,97.08,57.45,0.4,7556.57,89,3,45.39
57.55,93.41,14.15,4.76,4623.78,46,15,64.09
62.93,51.11,93.51,3.18,4599.48,46,11,65.33
37.3,90.45,22.85,2.27,5942.49,102,9,49.76
15.21,72.2,36.47,0.05,3824.32,15,12,39.37
67.05,34.51,20.85,2.45,3923.25,8,9,54.16
61.16,43.36,31.25,0.3,3603.37,54,1,41.14
67.3,60.54,3.09,4.54,4585.09,33,7,63.77
82.87,17.98,3.73,4.64,4353.22,60,6,57.63
84.3,31.65,98.4,3.13,4629.31,4,12,66.55
65.75,44.36,89.2,2.0,6005.15,87,12,54.32
74.85,11.55,94.05,3.15,3628.34,54,4,62.47
73.26,16.73,53.19,1.84,7113.93,33,4,54.44
6.35,22.52,62.95,0.92,7495.48,44,13,44.78
62.43,33.99,63.12,0.39,4996.04,47,6,48.49
46.66,71.04,20.43,4.87,5217.61,7,2,62.96
45.69,1.93,76.84,0.15,6890.33,36,3,42.05
77.49,2.37,50.94,0.33,5993.48,2,2,48.85
15.4,52.35,39.67,1.68,5241.19,29,9,46.77
14.73,93.53,63.48,3.1,3939.39,2,0,53.85
14.77,28.41,58.81,0.77,3599.68,6,8,38.58
79.32,38.19,96.67,1.76,7329.2,74,12,56.16
35.58,8.05,3.93,4.15,3651.39,56,9,52.86
16.06,91.8,56.54,1.87,6460.31,4,2,52.53
55.5,73.37,19.78,4.51,6660.5,31,3,65.04
87.07,4.48,36.67,1.84,7861.57,62,13,52.11
10.95,11.06,6.75,1.56,3875.23,29,11,38.66
58.5,90.35,55.57,3.07,6040.49,60,4,53.92
81.26,74.17,69.11,0.78,5591.94,54,4,50.15
62.56,3.19,39.79,1.47,4397.05,24,5,45.97
59.88,16.01,65.54,3.45,7290.28,64,6,57.98
91.32,40.54,25.71,1.86,5190.51,45,11,54.87
66.26,4.85,74.06,2.02,5579.57,39,13,51.66
19.2,75.72,3.95,4.44,6995.99,0,3,59.04
86.61,83.47,36.33,4.3,3808.6,45,10,70.93
81.24,81.7,43.52,4.69,4741.58,28,15,67.77
78.87,56.72,77.55,4.99,7608.6,45,8,67.31
2.78,81.22,80.51,4.16,5603.3,48,7,54.8
94.72,44.51,88.05,4.14,7011.9,14,9,69.95
58.45,98.01,64.2,0.43,3709.25,62,10,52.86
19.78,80.72,75.06,2.68,7162.47,20,1,55.72
80.3,33.11,83.72,3.11,5068.32,65,13,61.91
77.4,88.07,97.05,0.87,3538.08,36,4,54.25
33.39,24.25,83.36,4.61,5356.98,79,9,61.97
18.6,49.28,56.13,0.6,4995.57,16,6,43.02
5.56,84.7,42.79,3.72,3385.15,64,1,52.9
72.43,30.7,53.62,1.37,4148.66,58,2,49.7
22.66,46.05,75.71,3.28,6188.15,82,12,52.84
69.18,25.05,68.11,0.24,5651.4,53,6,51.83
58.04,53.93,6.14,4.41,7288.97,52,4,57.3
72.99,86.09,38.82,5.0,5765.79,69,3,65.69
61.05,95.11,62.07,1.88,6148.66,79,11,58.81
30.92,79.38,99.35,2.68,4210.09,11,3,52.24
68.62,88.61,5.63,1.74,3610.19,65,7,49.83
15.47,79.95,66.13,1.74,7944.71,30,3,53.03
88.9,41.26,43.66,4.18,4603.06,102,10,61.76
9.92,91.57,93.43,3.64,5826.96,18,3,63.39
91.24,36.24,72.82,2.31,4965.27,69,14,62.98
97.38,3.56,67.68,3.14,6532.62,87,15,59.17
22.73,57.49,65.55,0.3,3743.61,94,8,40.16
35.09,6.79,33.85,3.36,3799.87,42,1,50.9
99.19,38.89,93.7,4.08,5756.85,41,0,63.64
11.82,12.42,18.65,0.77,7167.05,59,11,39.7
22.77,80.57,67.97,4.16,3168.88,41,4,58.83
21.3,9.56,3.54,0.59,4084.85,54,13,35.89
81.43,29.68,78.58,3.19,3358.49,101,5,63.43
13.6,17.71,97.55,2.92,3260.81,73,13,52.14
15.46,28.25,22.91,1.84,6407.54,88,9,43.67
39.19,73.44,84.61,1.32,6926.97,73,7,51.98
30.35,46.33,35.25,4.74,4423.46,92,8,57.84
24.68,21.32,23.63,4.34,6607.57,60,2,54.57
40.99,79.96,24.05,0.57,6939.46,12,10,45.51
32.53,8.09,18.15,4.42,6289.65,81,1,52.98
66.55,81.42,41.15,3.62,7077.46,6,11,68.28
53.52,25.43,94.69,4.28,7516.58,72,11,62.22
47.59,44.41,78.92,1.43,7519.56,100,10,50.05
80.54,66.59,85.47,0.18,3178.34,49,9,51.27
84.49,2.56,22.05,1.53,7403.13,47,3,44.12
19.44,63.69,18.93,3.31,4605.6,48,10,53.53
71.53,23.52,86.57,0.57,5812.13,64,13,49.28
84.24,8.57,73.11,2.38,4550.37,14,1,60.4
93.65,17.69,98.68,1.92,5794.48,67,12,60.98
53.0,50.59,15.99,1.71,5165.58,45,3,44.76
48.67,39.89,71.67,1.85,3314.46,69,6,47.65
75.58,93.1,7.51,1.56,6506.58,66,9,53.39
35.16,23.0,53.8,0.37,6895.41,57,11,42.36
33.28,50.58,97.3,1.58,7372.86,60,13,53.85
41.49,78.0,89.87,0.49,4673.74,2,7,48.62
41.88,31.72,52.98,1.82,3392.8,45,5,47.0
6.54,47.75,13.29,1.31,4403.46,72,11,41.46
2.05,26.06,76.63,2.28,4706.89,45,5,40.07
23.19,69.96,87.17,1.19,5094.01,90,12,48.55
29.93,79.36,77.51,4.57,5680.4,57,2,62.6
57.54,7.92,24.76,0.63,3547.37,22,6,41.29
93.24,37.45,31.34,2.94,4868.18,63,12,57.24
27.62,42.22,36.87,1.38,7886.29,31,15,48.32
19.85,37.33,69.72,3.59,5053.84,52,5,54.65
72.11,31.04,39.23,2.0,4559.26,14,2,49.71
4.86,35.53,6.88,1.16,4874.66,96,14,39.33
21.41,22.75,96.48,4.63,3337.78,14,6,59.17
15.94,13.56,77.68,0.85,3297.8,3,10,40.31
57.79,1.32,43.73,1.42,4425.69,53,9,40.57
44.62,29.02,48.55,4.03,4737.72,45,12,59.41
60.35,61.8,36.37,3.77,5877.05,73,2,59.86
67.27,50.76,78.75,4.16,5924.43,25,4,66.25
53.11,25.86,54.22,3.52,5067.78,64,11,56.08
55.99,53.15,1.71,2.05,4944.99,7,0,53.76
54.45,14.84,59.27,3.43,7992.05,63,12,58.59
20.66,49.14,46.64,4.49,3949.24,44,1,57.81
83.79,40.67,98.42,4.71,3703.45,99,10,72.29
7.21,75.13,34.26,4.58,6042.79,49,7,59.83
54.42,64.56,98.73,2.0,6898.61,60,1,53.55
47.0,87.74,83.9,0.05,7359.64,14,14,58.22
24.65,22.96,40.48,2.72,7250.63,23,0,51.23
83.8,25.4,69.12,2.1,6357.13,65,11,56.1
62.54,49.04,96.28,2.94,5667.14,88,0,55.54
15.02,50.2,76.77,3.56,7036.88,96,3,54.9
52.73,24.68,17.37,2.44,4887.77,35,7,52.09
65.67,58.05,90.33,0.17,3934.15,94,5,42.79
91.94,16.36,12.1,4.72,3244.39,81,6,62.44
19.59,36.57,89.21,1.08,3611.33,5,3,42.8
22.52,73.79,95.34,1.54,7432.28,46,7,48.96
79.44,7.06,70.3,2.06,5415.21,24,8,53.86
99.08,2.54,49.98,4.79,5013.63,30,6,62.53
62.51,61.91,83.3,2.34,5335.03,49,8,59.05
85.21,28.59,6.1,0.86,3159.06,102,0,44.47
0.85,68.19,59.54,4.85,6152.46,13,14,58.38
18.35,75.73,70.59,0.01,3522.74,16,14,44.04
57.71,28.67,4.21,4.52,5755.59,19,15,61.08
65.34,22.34,74.8,2.38,6286.92,14,3,58.45
12.73,22.31,51.92,3.25,4751.1,54,6,50.5
75.85,5.72,38.83,3.17,3304.77,100,13,55.34
73.98,97.77,23.56,3.81,3352.68,64,14,63.26
71.04,86.21,92.46,3.49,6883.01,70,15,67.52
83.31,6.54,9.36,0.82,5038.16,90,14,43.85
77.94,42.17,70.36,1.07,3520.04,6,15,53.99
63.82,41.7,56.1,4.44,3984.49,22,11,64.61
57.5,76.56,0.4,3.03,5585.92,25,11,61.29
13.42,96.9,80.14,2.85,4821.35,104,1,52.86
8.84,80.22,92.65,3.95,5275.72,71,15,57.72
86.36,7.11,69.67,4.98,7313.1,28,10,71.65
16.08,21.48,64.37,0.07,4016.41,76,3,38.62
71.16,56.61,6.69,4.66,5279.38,90,0,63.72
22.29,56.25,96.33,4.62,6948.07,18,14,62.67
99.09,69.02,33.82,1.46,6342.3,87,7,54.48
6.48,43.01,94.87,3.49,6576.08,59,5,51.74
51.46,4.76,25.27,1.43,7938.39,26,4,46.67
81.37,69.36,99.31,4.02,5928.66,55,9,65.64
47.79,91.88,99.47,3.66,7681.03,41,8,63.37
71.76,60.4,39.92,0.72,3134.55,42,12,49.92
4.06,54.17,52.61,3.06,6082.72,36,5,50.08
40.44,73.85,63.81,4.76,7219.16,75,2,68.18
73.6,33.08,48.0,4.07,5561.69,40,11,64.81
81.17,61.68,12.45,0.22,7816.57,75,1,41.78
82.74,20.36,3.73,1.28,6655.61,22,3,49.61
4.0,60.61,42.25,1.58,7972.87,56,7,43.81
81.87,55.58,14.15,1.51,5405.98,104,8,51.75
91.28,12.09,62.9,0.18,4890.43,43,9,48.05
11.5,97.69,13.37,4.12,7751.48,24,3,60.68
93.0,81.5,64.35,2.46,3680.94,66,11,58.06
22.76,16.75,76.71,2.54,3526.87,83,8,44.45
12.48,51.77,78.79,2.06,3050.46,78,14,49.69
82.48,50.9,83.94,3.97,4984.05,15,15,67.87
32.63,59.36,80.81,1.04,7766.19,63,11,47.27
75.78,61.62,96.62,1.65,4367.09,41,13,56.54
5.74,1.35,30.63,3.59,3992.31,44,10,50.97
64.24,57.42,25.22,0.83,3221.41,40,13,53.39
9.03,20.01,18.99,2.42,4007.12,50,4,44.75
86.7,34.67,68.83,1.69,5347.32,84,14,53.05
97.8,71.14,66.54,1.82,7159.63,34,12,60.83
70.77,86.37,65.25,1.42,3915.88,80,2,55.24
44.73,95.54,99.58,3.56,3310.69,15,7,63.17
77.4,79.58,99.4,0.43,7931.81,6,3,58.89
74.38,41.64,84.69,2.71,4952.92,97,8,55.99
7.51,98.78,29.71,2.27,4039.48,24,7,50.85
53.16,26.67,30.07,0.0,5052.24,17,13,46.34
49.9,75.16,64.86,4.43,5435.96,25,3,66.65
47.14,94.6,14.54,0.78,7683.59,21,11,47.97
94.77,62.63,98.72,0.11,3288.06,78,7,52.62
33.48,63.9,75.51,1.83,5464.83,38,12,48.85
8.69,17.97,40.3,4.03,5533.17,15,14,55.29
16.02,37.49,42.37,4.0,6068.82,11,12,58.2
6.0,38.95,17.01,0.59,7556.71,37,0,33.59
88.08,49.99,76.77,2.18,3080.87,104,13,55.48
89.33,66.46,42.76,2.41,4772.32,0,9,58.59
32.45,94.25,5.63,0.15,3077.7,42,14,42.46
32.02,25.84,90.72,0.21,7393.97,92,13,44.53
3.0,74.02,37.51,4.1,7045.96,55,7,59.83
73.67,33.9,51.86,0.61,4840.84,46,13,51.34
63.73,63.29,93.32,0.64,6204.31,24,14,52.7
30.43,7.85,70.36,4.47,4174.63,53,5,52.74
60.18,26.94,26.12,4.73,7376.26,101,0,60.92
42.98,15.69,21.11,4.94,7571.02,82,4,60.08
55.28,11.33,13.2,0.01,7920.48,80,7,37.81
9.33,58.14,80.12,3.01,7758.41,59,4,53.22
66.81,12.22,66.11,4.37,6940.69,39,0,61.24
6.45,68.0,16.34,0.14,4132.42,50,5,34.44
91.62,12.29,44.98,3.27,4196.76,82,8,62.52
90.22,5.09,24.61,3.32,6976.12,47,14,59.87
19.02,59.76,82.59,1.67,6560.82,29,5,47.3
46.93,85.89,0.96,4.95,5527.33,4,7,66.99
9.2,58.72,55.93,3.15,4130.33,93,10,52.41
73.25,23.1,33.27,1.24,4073.0,33,9,50.28
57.11,19.88,19.08,1.64,4775.04,87,9,50.26
69.92,91.98,38.59,3.04,3166.56,24,8,63.14
42.28,4.95,33.19,3.61,4479.15,71,13,47.39
82.31,33.21,65.39,2.83,4365.5,94,2,51.68
12.19,76.74,27.11,1.23,3902.51,59,7,47.6
73.05,36.8,81.97,4.55,7223.8,34,15,64.8
94.07,17.02,25.98,3.96,6628.95,90,13,61.84
7.43,46.54,10.8,1.54,6668.14,51,8,42.61
73.45,10.34,67.16,4.9,3768.05,14,1,62.48
58.02,14.28,42.67,3.88,3739.83,92,1,59.21
54.54,7.85,53.88,2.81,4423.15,55,10,49.34
69.09,37.75,62.38,4.09,5630.67,85,0,60.1
81.89,34.94,4.58,4.44,5932.93,18,12,64.74
14.81,61.27,0.92,4.74,3853.62,80,13,58.1
29.28,59.35,64.07,3.91,3941.42,52,14,56.45
47.22,85.2,78.52,1.11,6716.61,24,8,56.02
24.02,11.36,4.76,2.04,4897.98,6,10,43.38
1.93,22.68,13.91,4.45,5097.56,43,0,51.29
65.38,89.22,97.81,1.34,5477.09,34,9,55.07
33.07,80.63,86.76,4.36,7315.72,13,8,68.08
88.88,34.88,71.37,0.56,5214.98,74,8,49.68
89.29,67.93,79.78,3.14,7500.26,74,7,62.96
78.6,70.47,75.89,0.3,6766.12,28,7,54.2
67.85,35.27,21.39,3.17,4965.51,96,14,54.82
64.25,12.13,80.08,0.46,5511.95,19,9,44.56
38.28,7.83,12.93,3.77,3621.65,55,2,49.93
19.23,42.71,67.39,3.81,7205.98,7,5,60.91
92.53,23.87,3.23,0.16,3226.91,12,2,44.57
83.27,40.71,25.26,4.94,6331.25,57,3,65.02
33.84,30.45,91.46,2.58,5917.47,82,2,51.91
22.05,89.26,87.95,4.04,5408.82,70,7,62.97
89.17,31.13,3.89,1.17,7933.09,33,13,52.0
88.94,42.95,42.01,1.03,7646.09,6,6,54.35
43.58,69.11,91.55,2.22,6429.72,69,13,54.71
3.12,9.5,34.36,4.74,6427.08,44,15,57.53
2.27,3.07,4.67,3.4,3870.31,43,11,45.44
22.93,20.7,86.11,0.09,4047.84,10,1,42.1
6.88,81.63,84.77,1.26,7472.3,91,8,45.47
33.39,92.27,52.71,2.17,5278.33,82,2,52.64
99.3,94.57,53.18,4.85,4596.85,51,6,70.83
47.45,63.66,61.25,0.74,6299.69,77,12,52.28
26.36,74.9,43.96,1.5,7732.55,94,10,46.41
74.67,64.09,4.97,0.09,5902.88,82,11,44.14
4.92,7.0,91.42,1.99,7090.38,67,4,43.5
65.87,32.78,90.73,0.85,4000.7,96,11,51.72
96.59,46.92,36.65,1.21,4747.02,47,7,52.1
67.15,46.85,65.94,4.17,3976.2,31,4,63.49
39.94,21.46,90.47,2.45,7647.69,32,1,51.59
28.4,49.85,22.57,0.76,3460.51,26,7,40.19
66.89,9.39,19.68,1.92,3302.55,88,11,52.06
8.2,40.16,75.6,1.21,4614.64,96,13,43.82
84.24,95.27,82.94,0.19,3254.83,3,9,55.9
56.36,26.52,90.68,0.35,6323.97,62,4,37.54
23.53,61.44,99.3,3.34,6193.32,61,6,58.19
86.47,38.63,9.4,1.54,6616.99,60,9,50.36
12.93,7.39,54.12,2.37,6153.73,72,14,44.76
23.51,22.61,60.03,1.57,7783.73,55,5,47.83
23.2,26.78,36.96,1.48,7069.09,71,4,46.45
47.54,62.71,28.02,0.51,7750.92,89,14,47.04
29.76,8.15,32.61,2.43,5706.51,88,15,47.7
83.05,50.83,59.38,2.4,4893.93,57,8,51.84
29.14,34.34,75.39,0.44,5740.87,67,2,40.58
72.11,8.98,21.24,4.11,7530.07,60,9,56.12
83.77,24.45,48.21,0.89,4518.45,66,13,45.56
71.65,73.9,87.71,0.28,3379.08,44,13,46.96
72.62,83.89,72.11,1.87,6848.11,62,10,65.51
34.66,63.39,85.79,3.43,6180.92,43,8,60.24
49.14,31.4,82.74,4.33,4236.18,4,3,68.46
81.21,31.46,8.3,1.48,6184.62,14,5,48.92
1.41,52.69,39.12,0.36,7523.09,47,0,36.06
37.34,17.43,82.72,1.77,4216.26,38,11,51.82
73.13,15.72,27.39,1.06,3753.61,20,8,44.58
17.81,7.07,62.01,4.54,6797.94,23,2,56.51
52.5,53.62,22.51,2.02,6121.84,32,2,47.56
27.98,77.46,20.13,4.27,4718.65,60,5,55.05
96.91,77.88,48.36,3.45,5868.11,56,4,63.6
79.79,54.81,47.4,2.37,4059.86,68,14,56.22
10.95,56.04,1.37,0.08,6053.09,55,0,36.14
91.96,89.17,65.77,4.62,4408.31,91,8,68.21
4.86,4.29,69.17,3.32,7567.94,92,3,49.92
14.68,54.45,56.99,0.66,3683.62,44,10,37.74
10.92,4.1,87.41,0.3,3336.54,73,14,38.11
10.15,42.67,16.9,4.12,4912.39,35,7,54.71
16.79,37.38,3.46,2.76,7299.9,100,7,49.74
5.11,74.66,85.14,3.05,5280.24,34,5,54.52
67.05,35.35,51.06,1.94,6931.35,8,13,55.92
0.34,52.03,55.86,4.19,7330.88,92,9,55.78
62.05,51.78,40.31,4.53,7303.25,27,9,67.48
1.83,27.68,6.38,0.49,5810.82,67,7,31.84
33.27,20.29,19.61,0.74,3861.0,81,7,37.91
12.63,58.05,2.53,3.2,4289.66,50,11,49.21
4.89,6.21,95.27,4.15,5288.45,24,9,57.69
12.45,75.89,76.27,4.16,4704.35,13,7,64.87
54.09,37.63,38.0,1.06,5240.85,104,5,45.95
11.64,54.47,20.41,0.87,6166.11,100,10,41.37
68.26,55.43,7.59,3.82,6214.52,65,11,59.97
56.42,18.91,83.81,3.08,4890.43,57,4,53.7
28.85,70.13,68.1,2.6,6863.5,52,15,52.74
51.06,41.58,59.14,2.38,6074.49,50,5,52.12
26.29,19.89,4.55,4.79,6099.31,13,4,56.37
96.47,87.06,17.0,2.96,3077.95,17,0,61.38
84.19,94.28,2.41,4.47,5303.6,17,14,66.84
82.74,17.45,24.25,2.22,7101.43,24,3,54.8
28.68,55.79,25.17,0.02,7015.53,62,0,37.98
55.74,41.76,66.18,0.36,6216.57,69,1,44.12
36.54,1.16,45.37,0.5,5607.93,34,5,44.8
73.32,52.9,37.85,0.9,5054.65,10,5,46.53
87.23,48.32,16.35,3.53,7637.68,54,11,61.57
0.13,96.8,25.43,0.69,6980.24,30,5,41.95
87.92,73.27,58.94,1.03,6603.49,21,14,53.94
80.51,56.83,15.01,3.19,7909.04,90,12,61.21
48.9,0.04,81.76,1.82,4218.49,7,10,52.05
16.29,24.8,99.02,0.89,7247.81,65,9,42.94
36.52,25.4,12.56,2.19,5359.4,2,11,49.25
29.4,93.52,13.14,3.06,4787.35,63,4,48.76
81.48,17.66,64.73,1.61,7918.57,96,10,52.85
21.13,32.05,88.3,0.74,6437.35,34,4,45.87
78.55,10.96,39.53,0.11,3193.25,42,6,40.34
91.05,30.58,37.85,0.03,4201.82,62,0,48.02
76.11,3.57,46.33,0.01,6904.01,5,5,48.85
59.63,75.48,18.33,1.63,7171.85,22,9,59.75
24.42,83.16,13.21,1.87,6529.73,33,7,49.32
44.63,81.78,28.18,3.38,5859.32,104,11,59.7
88.86,62.11,12.07,4.52,4403.79,99,6,65.44
38.56,54.0,0.36,4.62,5827.25,90,1,62.79
35.11,42.22,76.17,1.16,4197.09,35,6,47.86
59.17,12.71,15.6,1.98,7904.96,0,14,52.68
25.42,3.21,51.33,4.96,5321.82,48,10,60.71
2.98,27.12,21.61,1.45,6573.89,70,4,45.93
54.86,82.68,51.75,4.69,7232.86,99,9,71.33
43.02,58.24,53.38,0.09,3815.23,42,6,37.83
45.45,9.86,59.96,1.21,5943.44,73,1,42.65
61.7,90.0,38.19,1.31,5656.58,88,0,51.8
48.09,49.11,46.08,2.71,7412.54,5,7,56.27
3.1,32.59,67.68,0.66,4773.1,26,10,42.36
52.45,34.99,57.3,4.2,4516.5,50,11,60.85
76.29,18.93,94.81,3.33,3563.57,68,7,59.24
89.24,68.68,11.92,4.31,6562.92,7,15,71.45
60.87,3.7,72.28,4.27,7403.9,67,8,60.17
55.58,75.85,87.32,3.44,4542.32,97,7,62.04
88.61,83.31,32.44,4.95,5492.01,49,5,68.78
3.48,53.26,41.07,3.63,5889.13,74,3,57.62
12.48,38.65,11.59,1.52,3313.12,40,6,41.67
5.45,5.07,6.71,2.67,6772.09,7,1,46.7
17.88,94.06,25.25,0.59,6042.23,30,2,44.56
82.39,1.92,45.33,2.72,5070.52,24,9,60.45
95.68,71.28,6.25,4.28,6019.34,27,0,67.04
34.74,59.69,10.21,4.93,5772.67,31,5,62.05
73.27,3.3,79.73,3.67,3277.78,40,13,55.62
79.22,33.5,96.94,0.27,3159.61,24,8,53.31
27.68,47.67,33.79,3.63,5203.03,33,1,53.1
44.45,86.56,87.77,2.04,4123.92,103,8,53.76
61.0,11.27,17.94,0.62,5241.08,2,6,46.32
17.67,74.64,85.03,0.34,4111.56,92,3,41.87
48.47,94.11,99.3,1.94,3712.09,92,14,53.89
65.27,96.13,22.49,1.27,5103.05,10,15,52.86
48.43,98.96,83.82,2.37,4951.13,45,4,61.65
51.85,73.33,32.56,0.42,7139.55,44,9,49.92
31.15,80.6,25.97,0.11,3261.9,49,13,42.33
73.7,21.2,3.49,4.77,5800.79,8,13,63.49
50.7,20.12,30.57,3.29,5216.76,92,8,51.12
40.31,1.57,19.19,3.41,5399.83,1,14,56.37
6.92,92.78,52.54,3.28,5881.86,8,6,55.79
11.51,85.98,47.0,1.45,4667.89,82,11,44.74
1.0,43.31,79.39,4.87,6116.83,63,14,62.23
10.37,92.13,95.77,4.81,6721.63,103,14,60.14
35.66,35.08,48.52,1.03,7655.85,91,8,42.73
3.39,4.19,49.64,0.7,3568.38,71,8,34.56
77.21,22.58,46.62,1.75,3208.9,11,6,53.51
34.07,81.06,50.06,4.37,7876.3,51,2,62.39
68.87,18.41,19.64,4.02,5759.16,74,6,58.37
89.53,11.04,11.94,1.06,6076.89,78,15,48.74
52.99,49.33,38.09,3.36,4087.91,88,2,54.68
92.36,82.86,63.9,1.57,3803.04,45,5,56.25
8.16,55.95,73.21,2.54,4885.32,68,9,52.06
65.65,7.71,88.97,0.24,6780.45,60,12,44.26
12.62,49.9,21.06,1.0,5236.8,96,3,40.92
68.34,33.93,10.28,3.03,3659.61,41,1,48.69
45.32,32.77,69.18,1.39,7525.88,36,6,52.24
50.65,20.26,67.64,0.68,4086.21,93,13,47.39
96.78,52.01,18.62,3.4,3339.71,80,12,66.73
82.54,77.7,89.39,1.81,4366.51,27,8,57.77
26.98,82.51,19.31,3.18,4656.33,88,1,51.0
96.82,33.82,52.77,4.0,4049.58,78,4,61.96
69.46,38.43,4.36,2.8,4156.73,74,5,51.19
91.96,12.88,72.07,2.61,5093.28,59,11,59.97
48.77,57.99,26.29,3.43,6473.22,98,0,54.25
9.39,97.39,58.59,4.17,3080.24,22,1,57.58
38.78,2.93,76.34,0.94,5974.22,24,10,39.35
71.42,2.69,85.78,0.89,7318.79,60,8,46.79
54.85,32.0,80.06,4.81,4138.89,50,11,68.2
5.81,50.71,30.18,3.04,5573.17,32,1,45.8
1.81,77.76,90.28,3.62,3997.94,81,1,53.52
81.07,68.6,14.35,3.62,7057.56,98,15,65.97
20.95,68.08,36.28,3.98,3557.48,11,2,54.03
49.4,44.04,34.57,2.66,4552.32,88,2,49.52
24.19,48.17,24.92,0.87,3766.31,47,2,41.37
66.69,0.08,92.49,0.2,3209.96,60,0,38.45
47.13,37.72,63.09,2.85,6763.32,30,10,54.15
65.03,72.77,57.17,4.71,4054.03,56,4,63.79
68.6,7.82,88.91,2.44,3984.16,87,4,49.3
46.88,57.62,65.19,1.24,4314.31,97,0,47.8
97.82,79.63,48.56,0.47,6931.05,7,5,53.88
23.84,83.91,51.18,3.9,7213.07,40,2,56.13
46.67,1.49,86.64,4.53,4924.08,12,9,62.65
54.7,88.67,91.54,0.4,5664.97,71,1,48.51
90.78,87.09,99.21,4.99,6874.18,45,7,75.0
97.45,72.6,87.42,1.61,3197.64,76,14,58.53
88.45,22.48,34.77,0.82,5911.81,103,0,48.55
41.98,42.86,63.25,1.51,6632.11,16,10,48.58
17.31,49.07,66.68,0.24,3726.55,63,9,36.19
30.89,88.48,55.3,3.51,4135.69,65,5,59.95
23.21,16.99,15.29,3.22,4386.09,8,4,48.17
2.35,41.23,91.47,1.72,6768.94,30,15,45.21
85.62,35.29,4.12,4.66,4998.45,29,2,63.56
98.34,42.81,45.86,2.83,4969.82,21,14,64.78
29.43,40.46,91.49,0.96,5710.51,45,3,47.34
40.1,42.5,87.19,3.17,7124.3,57,7,57.9
0.05,57.21,3.61,3.56,5234.41,100,2,45.93
85.68,10.76,68.44,3.05,6696.3,67,0,56.77
34.27,54.9,41.15,0.36,6068.51,11,3,47.85
31.85,50.33,28.42,1.09,7915.34,28,15,44.81
20.39,96.31,99.25,4.78,6062.11,87,3,60.21
80.93,22.51,92.19,0.24,7184.78,104,15,47.43
76.82,69.01,51.19,3.42,5642.59,98,4,57.4
8.43,46.52,56.5,1.7,4077.95,78,8,42.21
46.58,34.56,29.89,0.7,4598.0,67,14,45.31
16.96,74.95,27.28,3.08,5595.52,53,3,53.98
7.28,12.74,81.08,4.48,5844.6,90,0,51.74
88.05,37.76,98.29,0.06,7810.22,41,13,52.88
39.12,46.08,29.94,3.98,3393.03,41,11,51.48
48.54,45.81,76.1,2.39,4286.85,9,10,53.29
35.22,19.46,69.97,4.71,5169.5,38,15,61.69
91.03,71.5,98.09,0.36,3428.11,54,8,57.83
5.07,39.65,95.01,4.25,4322.62,42,13,57.51
91.9,12.74,42.33,1.2,5501.99,12,9,51.85
46.46,12.37,88.03,1.73,5699.22,4,14,52.15
10.9,91.05,87.8,3.46,6594.22,33,10,59.88
94.14,85.57,81.14,4.84,3929.64,2,0,75.0
40.19,73.75,99.53,0.77,4033.61,31,12,49.89
13.57,31.57,77.07,4.53,7479.39,97,15,57.8
43.24,0.18,47.15,4.49,6479.34,60,13,58.03
89.44,18.09,99.1,0.43,7538.57,66,13,52.35
77.5,58.32,45.14,4.08,5892.9,100,4,63.1
80.44,97.45,64.38,4.04,7156.14,84,10,68.3
33.86,84.57,98.05,0.39,4923.84,93,0,41.81
85.82,58.43,30.73,0.17,5558.22,82,11,52.52
60.39,71.45,79.19,2.18,6135.88,45,8,58.02
12.86,32.5,52.63,2.2,6506.48,76,3,47.69
81.29,82.92,43.16,2.9,4575.54,82,4,62.86
60.54,37.25,1.68,0.34,6383.63,60,1,40.8
32.77,88.7,25.24,3.56,6633.55,24,7,57.54
57.65,28.21,14.93,4.47,4096.0,23,5,59.99
79.11,25.49,7.45,2.38,7762.33,81,2,53.58
72.11,82.43,38.02,0.54,7560.31,37,10,54.2
36.9,30.39,46.11,2.44,6754.37,85,6,53.02
22.1,83.44,38.04,1.38,7979.13,38,0,49.6
27.83,88.77,76.43,2.75,7807.76,52,2,53.24
25.12,19.21,70.13,1.62,7999.29,71,15,50.24
78.02,86.61,66.44,0.35,7860.9,35,12,53.83
81.56,28.1,73.14,1.66,3044.93,25,11,53.3
28.69,73.75,82.61,2.84,7472.58,28,1,58.62
5.38,0.82,52.81,0.53,6602.58,36,1,39.29
49.41,1.88,93.95,4.35,6028.69,10,7,60.06
55.27,88.63,84.37,1.88,5380.57,30,14,58.98
72.81,57.54,69.75,1.21,5278.92,32,2,53.03
30.3,55.1,16.88,1.03,4157.2,13,7,42.84
16.07,21.52,42.63,1.78,5198.11,31,3,42.08
82.14,71.53,24.05,3.38,7715.11,51,7,63.78
28.21,90.37,8.82,1.88,4697.78,43,3,47.44
43.74,40.11,53.21,1.53,6107.25,43,1,45.57
32.36,36.25,91.34,0.11,6509.13,86,10,38.28
90.96,97.08,0.38,0.97,4648.69,14,2,48.29
98.07,7.7,57.93,2.42,3102.95,68,1,55.18
43.82,53.09,82.23,2.94,3219.08,61,12,57.0
60.23,81.38,54.97,1.66,6703.92,4,0,53.25
90.66,81.79,96.33,3.03,3890.41,10,4,62.68
38.53,93.45,34.45,2.44,6195.77,67,4,57.35
11.22,97.68,62.51,4.74,4371.17,61,1,63.03
86.04,42.08,40.12,1.6,3887.76,22,0,54.34
84.72,18.41,33.29,4.62,4542.33,84,5,65.11
45.01,28.92,24.32,1.28,7194.9,49,5,41.26
83.03,50.93,18.89,4.62,3861.11,43,1,61.83
80.76,37.79,42.79,3.61,6349.65,37,10,64.62
23.05,41.95,24.75,3.2,6506.45,98,9,53.73
83.19,62.81,65.05,2.82,5550.11,58,11,58.06
20.99,16.73,70.61,1.11,3470.68,85,5,42.17
19.64,22.49,13.32,3.62,3711.04,96,0,46.98
88.79,51.1,2.79,0.41,4795.15,3,1,48.59
65.91,44.87,95.23,2.34,7943.44,26,1,55.17
9.24,20.51,40.52,3.56,6947.21,36,0,47.11
11.74,69.39,58.01,1.51,7890.82,55,7,46.23
47.51,34.8,64.98,4.39,6379.19,29,0,60.84
30.27,37.34,5.6,3.0,7136.04,22,3,49.54
66.63,85.82,61.78,1.48,5027.86,2,6,54.0
77.09,58.09,49.57,4.0,7680.53,95,5,61.63
28.54,36.77,80.83,2.32,4690.67,50,15,50.37
71.03,27.58,74.21,0.14,4451.41,90,6,43.88
47.05,40.07,42.03,1.56,6097.34,76,5,46.05
25.07,5.22,60.71,4.45,6986.98,28,8,61.56
28.5,63.5,1.46,4.2,5520.82,72,9,52.26
73.84,97.2,26.32,0.43,4137.55,61,15,51.83
81.68,80.75,92.47,1.14,5535.3,104,2,51.4
96.58,7.74,41.78,2.11,7348.38,1,3,58.6
51.72,9.3,86.61,4.6,4368.79,40,12,68.59
69.85,22.4,37.98,4.93,5948.5,55,2,61.64
50.2,17.82,50.52,4.87,4104.29,15,11,66.14
97.05,35.26,4.88,3.34,4453.07,93,3,58.55
37.95,24.0,28.23,4.77,3129.57,57,3,57.08
82.7,91.37,47.14,2.84,6586.64,59,4,63.46
99.13,61.09,90.25,2.47,4279.48,81,13,60.71
91.28,11.88,85.15,4.78,6308.25,50,13,70.59
32.65,60.01,79.4,1.63,6414.42,26,0,51.14
9.56,75.47,1.66,0.98,6910.27,40,3,37.31
50.79,37.65,30.47,2.36,4326.01,93,4,51.57
34.25,40.03,70.83,3.15,5941.94,6,13,56.44
11.35,75.57,23.06,4.38,7959.18,30,11,61.82
6.94,4.27,95.32,2.56,7249.2,67,7,51.21
68.55,33.79,27.2,2.48,5494.13,70,11,54.5
10.1,62.92,74.68,4.96,4644.74,9,14,65.06
17.94,41.22,68.44,2.29,7312.32,40,0,50.77
19.16,64.56,53.06,0.2,7364.04,40,11,42.55
65.64,11.51,18.24,1.32,6976.84,86,13,47.13
64.8,35.55,87.8,3.74,3250.37,74,1,57.89
64.2,74.61,32.92,2.28,3583.21,96,12,52.06
60.13,56.99,15.81,4.28,6677.13,21,12,63.82
95.37,14.68,72.5,3.91,6418.51,45,4,62.39
17.0,90.18,67.22,2.62,4983.15,59,1,47.82
23.42,3.84,15.32,4.97,7174.62,37,10,57.45
24.89,70.67,12.25,0.54,7540.37,96,3,44.21
66.46,69.61,7.31,0.26,6912.55,89,11,46.25
91.2,14.76,78.89,4.26,5715.79,46,4,65.72
8.69,48.53,62.85,4.39,3309.17,92,5,55.94
85.59,27.34,55.64,1.55,7715.87,54,1,47.72
67.88,53.99,96.44,2.47,7351.98,2,14,59.6
65.39,49.67,5.17,3.91,7734.4,94,1,56.08
78.57,86.78,47.49,1.13,4364.3,25,1,54.44
65.52,35.79,58.69,4.52,5177.55,53,14,64.89
1.5,82.04,12.1,4.02,3440.18,86,1,47.55
67.49,1.29,17.57,1.0,3512.73,31,4,49.72
67.57,45.35,33.08,2.74,7730.94,93,13,53.25
62.27,43.61,21.68,1.25,6662.09,76,12,46.11
32.59,24.36,14.65,0.63,7576.85,11,8,42.06
62.6,44.95,81.1,0.71,5304.3,16,11,51.53
75.3,77.83,73.15,4.58,6497.48,69,14,68.55
94.54,39.53,37.83,2.77,6402.55,75,1,60.63
58.03,43.7,93.57,2.18,7800.2,31,4,58.01
48.43,21.66,94.66,2.58,5188.27,67,12,55.11
28.2,25.05,10.64,2.45,3735.32,70,13,47.66
27.71,88.35,64.63,2.59,5598.23,16,13,57.63
75.99,80.77,91.04,0.84,7342.36,68,15,59.59
18.37,83.06,10.58,3.21,6278.79,45,13,53.58
49.46,28.48,74.3,1.31,6954.69,94,1,47.23
28.93,95.87,11.04,3.01,6267.57,87,11,56.87
5.17,33.2,34.07,1.88,5322.53,17,13,45.74
82.56,64.59,98.99,1.79,7857.31,88,1,53.13
40.36,92.87,79.89,1.99,4814.9,47,13,58.16
23.43,76.57,71.78,0.19,6387.04,75,0,41.97
10.91,13.74,49.94,4.15,4150.65,38,7,53.37
10.42,6.98,53.61,0.95,3770.65,34,7,37.05
72.0,97.7,92.1,0.55,3160.92,64,5,53.21
50.08,54.03,79.99,2.64,3578.85,59,10,56.79
9.71,83.35,80.37,3.58,7034.77,63,14,53.66
53.4,48.93,43.34,0.49,3781.17,37,1,47.51
40.58,0.33,29.39,0.97,5010.56,91,4,41.59
35.69,81.16,35.73,4.93,6431.18,18,8,64.72
91.12,33.06,87.42,3.32,7924.44,22,4,64.49
27.31,51.87,86.87,3.2,6051.59,7,5,56.57
24.19,28.64,74.84,1.1,3023.74,72,1,43.61
33.14,50.77,35.13,4.61,4335.8,93,11,58.46
62.8,56.07,99.04,2.9,7448.27,53,10,61.44
90.05,74.88,15.15,4.6,7335.06,75,9,71.52
37.31,23.33,21.64,2.39,6520.15,38,14,51.46
4.43,66.61,78.45,2.61,3811.19,71,6,52.17
48.64,92.83,50.64,0.87,3054.08,66,12,46.31
35.71,62.84,60.22,3.02,4936.91,61,3,56.6
58.68,30.69,49.79,3.76,6733.66,53,4,55.19
39.29,45.97,8.12,0.77,3303.97,29,9,43.93
61.24,75.38,57.63,1.18,7684.53,12,5,54.45
41.9,81.74,94.01,1.47,4162.27,19,7,54.9
26.5,10.34,6.15,0.74,6535.81,1,13,44.38
12.13,53.37,8.15,2.64,4714.92,40,2,49.18
84.86,24.64,21.83,3.65,3031.11,22,5,60.33
46.87,1.83,34.38,3.75,6435.86,25,7,57.91
69.5,13.92,49.04,0.27,3791.11,104,3,44.11
91.7,3.02,25.76,0.39,6875.05,7,11,48.56
48.4,31.11,38.0,4.72,7208.12,58,7,63.54
25.19,70.72,24.8,3.55,7675.31,11,0,57.08
85.95,12.95,64.46,0.71,5548.68,21,1,45.22
0.52,28.6,81.23,3.23,7347.03,53,3,48.95
16.84,95.59,6.81,4.12,6207.83,71,7,56.8
21.03,21.34,41.13,4.84,5113.12,90,2,53.78
37.3,75.94,47.97,3.68,3506.57,0,15,59.86
17.97,23.38,68.76,4.69,6070.23,99,10,57.05
75.19,24.07,87.12,4.55,4460.53,69,1,63.8
86.0,33.47,75.71,3.55,7385.5,2,1,59.69
28.49,35.75,30.03,1.7,5537.95,94,12,43.01
63.23,28.33,12.05,0.13,7279.87,53,12,43.0
93.36,98.54,36.15,1.62,5526.04,58,8,57.46
6.4,86.28,44.23,0.35,7941.87,26,3,37.5
37.9,30.7,27.27,2.15,3649.72,32,5,44.48
70.09,33.38,90.12,2.84,6189.7,36,10,58.8
6.2,58.12,7.93,2.27,7848.71,89,7,45.88
51.6,2.84,33.93,2.82,5188.7,9,4,52.55
57.14,94.32,97.08,0.22,6374.12,101,15,54.64
44.98,70.2,37.62,2.58,6644.39,90,2,55.79
13.49,68.57,22.82,3.4,6052.46,89,6,52.14
77.76,3.51,84.06,3.31,3484.28,17,14,62.8
80.8,5.79,4.17,1.26,6328.96,61,0,42.82
14.31,0.51,40.13,4.01,4136.18,82,0,48.52
32.25,10.0,67.77,4.04,6773.88,80,7,56.22
83.98,91.79,2.85,3.09,3036.87,40,10,58.67
3.82,43.9,10.0,2.28,5864.4,67,6,42.85
61.53,86.92,9.33,0.33,4249.64,79,1,42.57
67.27,61.22,16.06,2.15,4380.81,45,12,57.96
16.08,66.54,21.05,3.03,4773.15,76,6,52.63
89.94,85.81,37.19,2.31,4764.63,17,14,65.38
4.87,24.33,89.7,2.75,5894.64,55,7,52.4
75.68,4.54,62.74,4.39,3450.44,76,10,61.74
10.66,72.97,55.99,4.2,6736.64,23,6,61.72
3.37,82.51,40.99,1.05,7740.62,11,0,41.42
97.5,1.74,24.9,2.59,5673.48,20,0,59.41
43.89,18.21,98.19,0.2,4848.87,70,10,42.3
47.5,9.7,23.13,4.82,6899.99,28,3,59.23
94.89,56.47,6.0,0.16,7693.91,8,4,57.39
50.01,96.57,51.27,0.82,4875.64,77,4,47.79
96.47,25.01,70.79,4.81,4008.4,49,8,63.42
5.14,10.33,24.61,0.44,4446.54,11,11,40.88
21.82,28.53,31.59,3.15,6752.79,44,0,53.77
81.92,55.49,25.38,4.18,4951.83,52,2,62.96
22.76,62.63,58.99,3.12,3438.54,55,4,50.06
91.74,4.31,51.53,3.91,7768.53,75,9,64.23
9.95,59.98,13.82,1.85,6496.89,85,3,41.55
3.68,58.97,97.15,0.58,5349.57,88,10,46.62
73.29,96.65,55.3,2.22,7118.37,9,8,56.8
77.92,49.12,95.38,2.7,7127.92,89,12,61.53
36.68,48.32,11.82,1.74,5962.71,38,0,43.29
43.8,80.35,64.39,4.48,3160.21,53,5,62.58
64.84,84.2,65.11,3.77,5278.25,13,5,63.72
41.62,89.05,34.22,0.26,7787.93,24,7,48.66
23.84,41.15,38.16,2.15,3653.15,100,14,45.2
6.84,6.0,78.73,2.56,3907.6,85,0,42.7
51.26,47.88,99.28,0.73,7286.84,37,11,48.23
32.35,24.62,27.36,1.14,3480.89,29,8,44.93
6.02,46.06,71.9,3.38,7556.73,29,11,55.85
30.52,7.6,61.93,3.15,5759.16,86,13,53.75
42.36,26.45,58.67,2.09,6781.81,26,5,50.81
63.48,2.44,71.07,2.03,4184.11,48,5,50.07
85.01,11.19,98.09,0.77,4388.06,26,11,51.04
75.12,96.48,64.39,4.38,7900.04,97,8,74.56
82.25,56.83,19.13,1.84,3714.19,78,4,50.59
27.08,73.41,41.3,2.8,4064.88,13,0,54.7
17.68,45.46,0.5,0.93,3886.34,42,11,38.28
58.56,72.08,19.18,4.11,7964.89,26,13,62.33
63.66,26.14,14.5,0.65,3864.2,29,5,40.91
85.29,44.71,91.23,3.53,5245.42,12,10,63.13
42.73,50.49,91.17,0.69,6439.47,25,6,45.06
87.44,0.65,83.46,1.15,4440.26,23,9,50.67
30.88,54.49,70.79,4.38,4122.47,47,7,57.63
20.26,74.12,16.53,1.44,5835.24,91,0,43.14
3.57,3.1,8.45,1.55,5848.8,80,0,34.56
26.08,54.06,83.87,0.54,5781.55,47,13,45.49
66.41,59.6,66.21,2.83,7039.81,3,13,63.12
59.02,75.37,82.45,3.56,6779.7,4,3,62.6
60.93,11.47,46.8,1.62,3024.43,49,4,46.68
60.21,32.63,7.98,1.65,4479.19,86,13,45.48
20.47,9.68,66.81,4.02,7826.71,43,3,54.82
97.39,43.18,58.16,0.73,6444.35,8,12,52.2
47.22,32.63,72.09,4.04,7100.1,93,12,61.68
7.53,33.22,74.51,3.57,4577.95,31,7,53.96
61.66,34.08,48.94,3.72,3500.92,40,2,52.01
20.95,44.15,33.23,2.02,6856.84,42,2,42.82
55.23,13.99,40.3,0.96,6810.85,78,7,47.36
87.51,91.75,42.84,2.0,3109.95,81,11,55.71
10.4,64.66,40.54,3.64,3579.49,31,2,56.89
24.37,66.97,67.43,3.21,5771.33,97,8,50.67
32.56,47.59,11.9,2.04,6046.72,77,8,45.81
54.39,36.38,81.84,1.52,5851.63,60,12,50.24
24.57,5.54,42.06,3.02,7985.1,29,9,51.45
20.09,94.54,58.29,4.33,6178.6,99,14,61.48
45.85,48.8,62.04,0.87,7254.76,14,7,50.26
10.19,11.47,46.95,2.05,7143.49,0,8,50.97
77.54,28.57,81.37,0.39,5064.47,28,0,49.45
52.66,30.23,40.93,3.22,3134.92,72,2,51.39
9.27,17.06,8.46,4.08,7804.58,56,4,50.75
50.3,64.27,31.31,0.07,5134.69,95,2,43.37
38.68,57.1,37.31,2.19,6087.47,17,15,52.24
3.05,81.06,33.68,3.77,3926.73,2,13,57.56
95.75,14.66,55.23,1.6,3944.22,36,1,54.12
40.47,88.8,64.57,2.0,3839.89,25,0,48.12
94.41,68.36,88.26,4.35,5414.92,57,0,66.96
2.84,52.7,45.83,3.14,6893.22,98,14,54.24
20.98,65.43,82.76,4.81,5118.87,2,6,66.56
94.35,81.85,55.52,2.5,5842.53,41,4,59.18
32.19,23.31,53.88,3.07,5204.04,11,6,55.35
11.45,38.55,69.41,1.12,4800.48,53,7,41.19
58.1,77.92,75.85,0.05,5472.98,31,0,47.76
37.62,53.64,27.56,4.88,7687.07,39,4,66.28
37.72,47.48,84.16,1.08,6944.84,45,5,48.88
11.51,36.63,7.83,0.66,6342.99,92,1,34.97
63.42,17.99,93.2,2.85,3930.21,30,8,58.39
60.3,32.33,41.89,2.75,5743.45,41,8,53.52
60.02,36.01,89.53,2.79,7646.12,90,6,55.29
15.96,8.63,52.01,3.95,5581.38,69,9,53.1
22.58,44.43,22.04,0.77,7920.54,86,13,45.11
79.42,31.18,25.77,2.77,6563.69,58,2,53.71
60.31,93.82,14.69,4.85,7445.97,51,11,67.25
7.74,11.76,17.22,3.53,6671.01,41,6,43.41
70.74,27.13,41.47,2.43,5013.3,20,2,52.24
61.57,86.57,13.55,1.77,6748.74,87,11,56.71
51.33,38.43,65.82,1.6,3372.17,72,10,49.56
49.96,41.4,16.92,4.31,4729.87,22,11,58.92
12.3,83.44,62.12,0.22,5383.39,103,4,40.79
28.35,81.12,90.41,3.54,7047.02,38,5,60.6
39.87,71.01,4.78,0.69,7750.31,65,8,52.27
78.61,35.08,99.67,3.43,7489.34,83,15,66.73
91.75,44.41,9.54,4.09,6528.47,6,8,66.12
0.64,0.66,61.34,2.42,6046.04,29,0,47.95
64.46,70.83,58.87,4.69,4841.35,24,9,68.03
91.19,77.11,64.87,4.15,7217.23,54,4,67.14
19.87,93.91,46.26,1.36,7466.39,81,9,50.32
9.92,40.22,38.76,0.04,7321.94,21,1,38.24
25.05,64.85,78.9,3.13,7537.19,55,11,53.36
86.5,6.31,50.91,2.06,3448.64,23,4,53.42
35.76,52.43,55.98,2.5,5626.73,92,3,48.7
92.0,35.64,1.75,2.51,6874.2,79,7,54.06
60.26,19.59,49.94,2.76,6462.75,69,14,56.21
56.81,3.45,86.45,0.12,6090.18,34,4,45.46
90.28,17.86,28.6,4.88,4100.56,68,14,65.69
88.79,9.75,61.87,2.16,6563.18,64,6,53.26
7.21,15.33,96.88,2.08,7851.05,64,7,47.59
50.47,78.82,82.18,0.68,3530.91,50,5,47.2
92.37,90.78,38.18,2.67,6043.77,79,15,64.72
27.33,90.1,57.45,2.6,4557.43,40,2,50.75
23.7,22.31,72.05,1.68,7431.3,13,7,50.41
73.42,93.59,87.06,1.92,7159.67,98,3,57.78
8.11,99.99,31.34,0.87,7174.85,94,5,39.53
29.83,47.08,9.44,3.45,5874.89,54,4,45.97
8.81,75.71,12.71,4.67,3298.51,37,3,56.87
54.89,23.59,80.29,4.47,6877.34,103,15,62.24
8.01,7.42,92.2,1.49,4990.49,86,5,37.83
35.05,36.65,97.38,3.21,3719.03,0,1,52.62
35.81,91.92,37.07,3.87,4786.97,8,2,60.6
26.47,22.76,17.06,4.9,4853.02,98,10,56.01
77.53,6.54,87.61,4.71,6152.09,19,7,63.41
86.71,14.06,5.13,1.69,4879.46,76,6,49.21
98.13,84.0,58.23,2.51,4436.39,87,11,65.0
97.85,95.76,54.21,4.04,7076.59,22,1,67.17
20.19,55.37,41.72,3.24,5344.1,44,2,51.32
12.07,5.52,63.01,1.17,5297.94,36,6,41.21
28.49,35.84,11.19,2.7,4559.22,5,10,48.42
64.75,87.25,84.57,4.46,6985.13,25,12,74.53
18.85,85.06,10.26,2.08,6197.08,5,1,48.33
29.03,63.88,14.63,1.13,6985.02,88,15,46.62
16.28,57.91,1.8,0.78,3952.17,100,8,38.53
4.66,1.99,2.55,0.74,5351.37,22,9,39.52
24.96,9.14,69.81,1.76,3253.15,15,14,46.09
2.15,42.82,26.96,4.43,6921.64,42,5,49.72
97.84,98.63,74.4,1.01,7889.99,65,5,59.87
89.72,75.43,36.7,1.38,6928.62,86,0,52.85
89.53,34.78,5.77,1.14,4368.89,21,7,52.61
43.11,56.68,67.02,0.71,5180.37,28,1,52.9
6.1,21.29,40.41,1.2,4702.68,78,1,41.55
63.81,85.09,53.81,1.41,6643.38,4,9,58.25
25.45,69.41,60.66,3.24,5322.82,46,7,52.06
89.56,95.3,27.85,0.39,6325.87,47,14,49.82
20.45,74.85,56.34,2.61,7689.4,44,10,50.19
73.87,42.49,70.44,3.63,5697.19,13,0,62.52
29.33,53.96,57.3,3.55,5326.83,1,12,59.11
49.19,81.54,65.8,3.2,3776.2,29,10,59.01
53.57,54.33,95.97,3.08,3860.25,30,13,62.13
2.63,47.11,71.0,1.47,5091.85,101,14,44.12
26.3,97.75,94.68,1.76,5819.84,38,6,54.26
76.75,94.2,37.13,4.07,4871.95,93,12,66.67
75.58,49.47,44.05,0.2,5102.45,5,5,50.65
82.61,54.42,8.62,1.83,4296.53,30,1,46.46
77.8,57.95,64.79,1.77,7768.98,42,8,59.38
52.92,9.08,8.86,3.75,4729.92,25,13,54.97
24.11,17.37,75.62,2.43,7621.55,31,15,47.49
69.94,21.66,83.37,3.28,5043.86,70,2,58.52
50.37,89.59,46.5,0.69,3902.36,30,9,46.76
46.78,8.76,75.36,0.27,5515.5,103,6,43.97
19.78,93.8,47.29,1.52,4686.36,86,11,49.57
90.35,34.18,93.46,0.87,6889.45,98,7,56.86
50.25,97.85,78.58,2.15,4169.89,22,13,56.03
96.75,42.41,14.42,0.37,5351.08,26,8,51.54
16.38,21.62,40.7,4.92,7484.7,102,8,58.51
44.75,62.14,70.98,0.48,7374.72,69,11,46.79
53.1,10.22,15.67,4.09,7589.64,14,9,57.36
18.52,95.3,63.41,3.91,7446.36,65,8,55.07
82.39,0.85,92.21,3.54,4593.92,59,11,60.36
90.41,20.82,2.92,1.34,5219.73,51,3,48.0
72.33,4.63,5.75,2.35,7795.86,55,4,50.06
74.16,77.72,3.68,1.46,7678.16,42,14,53.68
5.19,31.82,47.5,1.95,4422.14,4,9,48.54
18.28,57.2,14.03,1.09,7984.04,62,10,45.4
39.94,4.12,57.84,1.52,3547.56,30,5,40.7
78.83,80.98,97.88,0.48,3530.56,16,9,52.98
39.38,92.66,58.03,1.19,7804.35,33,13,50.46
53.73,41.33,64.35,4.79,4279.67,72,5,64.22
55.82,55.86,26.32,1.96,7517.87,70,4,48.12
96.0,8.7,20.04,3.77,5737.17,9,14,64.55
28.64,41.75,55.38,1.63,5001.37,83,11,50.13
59.39,89.67,60.04,0.55,7263.62,103,0,44.46
23.85,46.11,54.57,3.6,3510.59,60,14,54.54
38.52,39.94,25.06,0.46,5947.66,27,0,45.79
67.19,49.24,84.61,3.23,3534.09,17,3,61.03
45.76,75.58,45.96,3.2,5682.52,44,9,54.04
0.18,58.66,67.1,0.75,7598.35,23,12,43.63
23.04,69.27,30.13,1.98,4797.39,70,14,47.63
4.32,31.68,73.91,2.56,3875.6,97,3,42.82
23.72,70.82,40.72,2.97,7112.44,68,14,56.29
86.6,76.85,68.13,2.88,3186.41,52,8,60.37
97.18,14.52,97.42,2.63,7966.81,34,6,63.76
51.1,69.61,47.54,1.7,5360.7,102,5,52.01
82.27,40.52,7.91,4.45,3803.3,86,0,58.91
65.85,20.12,87.48,1.03,7007.34,103,7,47.88
49.61,71.05,7.93,4.72,4876.13,33,15,66.97
52.83,38.48,41.01,2.03,4202.18,96,6,50.09
71.42,28.95,52.8,0.35,4873.07,34,4,46.51
46.69,2.02,11.37,4.98,7061.39,91,14,62.07
19.42,86.13,6.63,3.44,4934.24,10,10,56.06
72.88,55.81,54.6,1.09,5578.17,8,10,57.02
4.63,76.55,42.82,0.64,7098.52,11,5,46.88
5.8,15.38,13.26,0.34,7954.01,6,8,35.53
63.44,60.67,36.04,0.91,4523.15,29,3,45.67
82.37,13.18,73.19,0.95,5009.6,40,1,50.02
67.13,43.1,57.69,2.51,5668.24,15,14,58.45
76.51,91.05,6.64,1.52,4099.4,17,5,55.38
39.31,48.92,43.8,4.59,5764.61,51,5,57.2
85.35,15.2,71.98,3.3,4123.15,77,6,61.64
40.26,90.68,3.96,2.98,3074.15,89,15,57.28
88.52,28.31,7.67,4.28,6417.43,1,7,63.85
36.14,40.06,71.59,4.0,5830.44,69,10,64.91
10.39,25.66,43.02,4.68,3125.42,3,1,53.89
78.38,80.89,1.21,2.45,4595.17,75,15,55.41
72.24,31.28,81.49,1.43,5537.78,74,6,49.83
3.92,38.75,60.58,2.24,3755.6,37,3,44.53
5.97,25.95,35.56,4.58,3185.04,47,2,54.77
57.69,37.89,53.14,2.42,4952.66,2,7,55.18
20.6,66.94,84.14,4.23,3501.48,35,11,58.62
62.44,42.92,6.6,3.02,7111.41,64,0,51.16
77.25,31.25,90.8,2.64,4126.11,86,1,57.39
38.07,58.52,88.86,4.93,4794.09,11,10,69.46
49.85,75.15,83.93,3.49,5430.3,29,9,65.07
97.18,56.64,34.56,0.11,6619.73,46,8,53.68
9.65,52.45,91.28,2.84,5484.69,84,9,49.5
55.71,23.77,46.11,2.26,6125.02,2,11,56.33
27.81,53.19,65.15,4.32,4738.76,90,11,55.22
32.24,54.44,31.63,1.16,7197.84,81,8,46.59
28.1,0.3,43.76,1.17,4933.78,80,8,41.49
46.52,39.61,30.83,2.5,3364.86,61,11,54.15
21.63,98.22,7.13,0.06,6118.41,69,15,39.64
21.01,57.15,38.69,4.53,3168.2,15,6,56.65
91.16,40.55,36.03,1.87,4414.98,17,11,52.0
38.76,17.7,6.62,3.49,3478.01,2,10,54.16
15.36,72.47,47.08,2.92,5653.28,46,11,51.01
16.02,30.96,95.03,4.38,7418.58,41,1,59.56
29.4,46.59,64.0,4.91,4174.85,24,7,59.69
44.78,64.16,60.97,4.46,3627.03,100,10,59.39
82.49,39.49,37.27,4.09,5381.41,44,14,60.31
64.03,28.47,36.65,3.22,5209.8,69,14,54.94
94.21,24.35,13.83,3.09,4437.18,96,11,61.52
92.41,31.07,69.57,0.0,5297.85,2,0,45.54
16.27,44.59,25.53,4.57,3421.37,89,11,52.28
16.62,88.41,12.83,4.42,3914.88,34,9,58.76
5.35,60.62,68.88,2.39,4718.52,1,4,53.24
14.24,74.58,66.45,0.73,6537.87,65,11,43.84
89.66,27.83,93.11,0.24,7146.05,19,2,53.45
79.57,89.77,69.86,1.59,6066.74,100,6,59.35
43.48,8.01,25.37,1.39,4594.09,76,4,41.81
27.9,63.39,61.12,2.29,6769.06,88,12,51.99
58.97,1.39,90.72,1.82,4057.35,87,12,51.95
75.85,65.46,21.25,0.53,4599.97,104,10,49.35
73.96,79.84,35.12,4.59,7969.4,44,8,75.0
94.09,91.21,66.77,0.14,6009.5,82,1,52.89
51.53,10.62,47.02,2.31,3808.01,97,15,50.54
89.26,0.57,13.51,2.69,7874.26,102,0,51.66
43.44,83.38,14.17,2.11,6025.83,86,4,52.04
52.95,96.28,32.59,1.79,5844.35,4,8,56.31
92.07,42.55,35.58,2.64,6060.66,24,12,65.6
97.91,19.92,68.52,0.81,4223.03,22,0,51.26
74.68,27.86,98.21,2.7,5630.59,39,11,63.66
60.7,88.54,61.91,1.48,6125.55,86,8,56.17
24.33,53.41,71.82,3.79,5982.14,9,6,56.03
89.79,69.98,95.55,3.14,5615.78,3,13,65.33
16.54,19.06,21.78,0.08,7874.41,61,6,36.37
78.18,85.1,31.66,0.63,7911.4,0,12,54.06
29.68,13.11,38.04,2.64,7369.22,39,1,46.39
61.06,51.36,39.35,4.79,7699.23,3,9,73.39
18.88,65.44,92.86,1.07,6695.06,15,14,51.81
24.16,44.36,2.96,1.95,3545.59,10,12,49.14
19.53,78.77,64.49,4.33,5689.47,90,8,64.32
5.2,91.86,74.82,1.09,3113.71,86,4,39.42
57.85,78.66,22.02,1.76,3824.5,53,14,51.46
3.63,38.09,32.38,3.38,5837.59,95,4,47.65
59.07,45.05,6.12,3.26,5492.45,99,9,58.38
58.38,68.59,78.81,1.62,7681.93,104,1,54.55
6.57,49.82,5.97,1.09,3298.61,39,0,40.5
15.05,35.87,35.17,4.69,5137.47,5,0,53.13
13.63,96.71,73.86,3.71,7381.03,10,10,63.42
77.0,31.55,32.33,2.17,7258.7,6,14,51.67
81.13,70.24,66.13,4.75,4226.17,46,0,65.77
66.12,44.48,54.73,4.55,6317.03,98,6,60.93
70.79,93.88,3.57,4.34,3940.35,5,9,62.21
91.42,32.49,7.34,4.68,3422.3,23,8,64.88
65.23,20.77,9.82,0.61,7986.35,3,13,47.24
75.52,98.65,31.92,0.02,4400.95,104,12,52.39
52.72,40.19,3.78,1.99,3106.98,76,15,49.18
92.52,28.42,71.37,1.08,6902.48,39,15,56.89
52.57,58.05,87.79,2.11,7097.72,3,14,58.59
94.91,39.44,62.35,0.7,5222.72,38,8,50.79
62.02,48.1,59.81,1.57,6810.4,51,6,54.01
95.93,73.19,47.17,4.07,3700.26,92,5,69.98
9.19,0.01,48.27,3.96,5652.2,53,14,50.6
23.81,80.65,13.71,0.95,5363.25,89,0,38.34
42.32,79.44,93.55,1.43,7745.05,35,12,50.1
7.91,18.53,35.52,2.34,4593.0,5,3,46.71
10.3,67.93,87.11,4.93,7485.47,60,11,59.05
65.43,72.8,76.57,4.81,6917.06,2,6,72.9
43.88,92.47,58.85,4.58,6157.96,64,3,63.55
82.78,56.64,7.37,4.82,6445.72,19,7,62.45
2.69,71.5,58.2,3.97,6350.22,99,13,61.5
76.63,11.75,91.48,2.62,3288.71,89,8,54.75
39.23,97.57,72.7,1.79,6388.95,36,6,51.15
67.39,28.75,40.21,2.8,4070.99,37,8,51.34
81.87,6.8,97.01,4.78,4189.42,61,8,72.47
71.05,34.09,19.19,3.83,7513.7,83,1,64.0
62.41,24.82,52.64,3.03,7764.31,67,5,55.65
26.26,74.9,84.42,4.2,7205.06,102,5,65.57
57.27,68.52,96.06,3.59,5420.64,4,6,65.51
53.92,18.96,37.54,4.55,7443.49,95,4,61.58
58.81,95.85,81.12,3.18,6360.39,8,8,65.83
30.72,36.36,21.32,3.95,7855.49,62,3,56.91
96.27,68.51,55.46,0.23,6178.93,58,15,52.47
32.73,61.91,84.29,3.91,5305.75,9,1,58.57
59.46,84.34,87.69,4.57,7914.0,2,11,74.26
83.46,18.03,86.87,4.44,3615.11,42,11,63.08
65.85,11.61,95.24,1.56,5625.51,14,5,50.69
8.21,89.49,87.95,0.14,4334.68,1,0,45.46
64.09,71.6,98.65,4.98,4729.89,48,11,68.1
84.95,43.38,28.94,0.71,6179.1,4,12,51.47
77.45,1.76,13.42,0.49,6471.32,77,3,43.28
42.74,20.68,51.91,0.5,7028.63,18,1,42.85
32.03,8.0,3.3,0.25,5844.83,32,11,35.89
46.33,24.56,68.42,2.48,6902.95,79,11,53.57
61.86,10.67,1.28,1.25,7473.34,52,13,44.81
2.7,96.09,85.53,2.53,7599.46,46,8,54.46
72.61,96.8,35.71,3.61,3101.47,29,12,68.57
53.16,75.32,2.14,1.56,6025.32,9,6,49.75
77.04,77.0,94.69,1.79,5200.97,35,2,57.28
29.22,3.02,79.05,3.24,5837.76,10,0,54.96
57.17,92.19,32.57,1.01,6320.84,75,3,49.74
56.45,81.57,90.16,3.35,6882.2,21,11,63.29
16.81,76.4,34.09,0.57,5878.28,7,8,43.88
43.05,23.92,26.91,3.15,3698.61,39,7,54.03
69.25,7.51,1.43,1.08,5288.77,24,2,44.93
24.3,1.84,30.17,3.28,7458.04,41,11,48.15
27.61,77.36,12.03,4.38,5974.26,78,4,59.7
79.7,29.32,18.48,0.44,5498.32,68,14,51.56
73.56,80.54,90.49,2.0,4291.65,55,6,52.15
90.15,21.79,61.6,2.26,7500.2,6,15,61.43
13.08,49.66,18.96,2.71,3361.93,33,15,48.98
50.5,0.47,87.36,1.92,3299.61,66,9,49.09
29.28,4.22,85.76,1.31,6817.79,57,14,46.59
83.08,71.26,19.22,3.69,5415.74,73,1,58.67
46.27,19.74,7.41,0.83,4404.31,24,8,37.8
48.43,8.01,53.85,3.94,5623.12,104,15,59.26
39.01,57.02,9.29,0.87,4484.92,61,14,46.32
39.26,22.0,7.18,0.98,4619.02,73,3,41.15
67.93,8.36,41.28,0.43,6806.83,17,9,43.0
64.69,20.97,10.14,4.87,6641.8,85,1,62.86
5.86,98.22,35.08,1.31,6464.0,37,12,42.54
59.42,9.74,66.31,3.72,3037.87,101,6,57.57
49.96,38.86,7.82,4.39,7811.61,77,8,61.31
61.57,48.19,54.56,3.89,6388.93,100,12,64.61
82.69,45.78,53.76,1.43,6090.63,97,9,57.32
50.23,70.08,40.04,0.12,5156.55,80,4,42.91
0.6,34.49,98.32,4.69,3820.69,85,2,55.75
75.15,74.55,25.37,2.3,5903.85,9,4,59.95
27.33,2.41,52.65,0.84,6856.08,41,9,41.36
81.55,85.76,74.38,0.48,7258.83,97,2,56.23
79.64,41.1,6.25,2.13,4400.26,59,3,49.66
85.38,83.16,37.62,2.06,4020.09,6,6,57.47
60.22,20.4,31.26,1.02,3744.56,45,12,49.29
13.56,48.13,75.5,3.15,5312.0,16,3,52.25
15.01,74.81,60.11,2.67,6802.12,20,3,55.47
40.03,48.29,3.82,2.64,6259.7,75,5,48.38
22.11,15.05,28.66,2.63,7575.6,12,0,43.91
86.01,48.1,36.6,0.92,3817.21,27,9,55.18
65.89,52.29,18.55,2.83,7006.12,40,3,54.96
79.13,98.85,59.93,2.38,7521.22,84,8,63.39
98.27,31.82,37.78,2.88,6005.24,56,7,60.93
95.7,21.51,9.82,0.89,3003.19,28,15,48.08
47.62,87.58,31.32,1.81,6470.12,53,4,44.79
85.52,70.0,67.55,3.28,6888.93,25,15,68.15
39.8,3.9,19.23,3.65,5958.2,22,1,57.05
94.03,24.05,74.93,0.82,6051.15,97,14,57.67
98.11,5.82,15.66,4.02,6902.84,61,13,59.33
71.17,56.65,77.9,1.66,5887.76,9,2,59.51
61.03,79.16,82.26,4.48,3187.25,91,9,62.87
50.23,85.82,2.08,3.83,7736.13,41,15,63.26
28.3,47.69,54.11,1.11,6705.82,53,13,48.9
24.22,93.87,0.75,4.68,5243.78,41,5,59.84
2.28,65.39,69.86,1.25,6885.64,93,11,44.34
23.02,80.3,7.2,2.76,3374.91,12,3,55.95
57.71,70.95,60.68,0.85,5469.59,66,5,50.22
87.15,3.61,10.58,4.73,5918.2,95,2,61.21
51.85,41.77,39.57,2.49,3204.57,83,0,51.85
57.19,64.1,40.22,3.09,6172.84,33,5,59.45
95.76,90.19,68.34,1.55,5868.0,10,11,64.71
53.7,83.34,42.98,4.33,6959.95,22,11,63.43
92.46,0.66,11.27,0.72,6656.18,94,12,46.98
38.62,83.57,9.79,0.31,6993.03,40,10,40.52
7.36,37.9,85.42,0.8,3272.44,18,9,42.39
44.22,53.38,74.62,2.63,7985.37,39,14,57.48
90.76,80.07,7.87,4.02,4127.56,43,4,61.79
29.59,4.6,62.75,1.42,7148.77,57,11,46.23
75.04,10.53,23.24,0.39,7280.51,5,3,44.19
10.92,57.89,37.96,2.05,7871.09,0,10,50.71
46.0,44.91,60.12,3.93,3150.26,79,4,61.53
6.75,61.59,76.1,2.57,6509.8,54,14,52.97
28.53,24.74,33.23,0.6,3857.56,59,9,40.13
70.74,24.88,14.78,4.83,5789.74,63,8,62.2
62.25,41.4,80.32,4.16,6731.94,55,6,60.13
64.7,53.51,90.94,3.06,6567.14,71,7,61.65
62.53,81.83,92.69,1.5,5048.94,36,6,53.16
18.82,66.66,94.3,2.68,3821.74,20,14,51.48
7.85,67.7,62.48,1.07,6912.02,53,0,46.93
72.13,11.08,11.71,0.54,6610.79,35,6,43.68
36.7,89.64,4.67,3.94,6755.53,58,8,58.29
50.34,45.67,34.06,2.12,4926.95,56,5,50.26
71.93,70.95,43.8,4.04,4707.58,1,7,63.94
94.55,43.87,39.07,2.4,3606.48,30,4,56.73
11.18,24.16,66.34,0.81,7044.94,10,2,46.93
74.18,61.99,64.66,0.84,5724.72,47,0,54.5
72.01,91.14,72.75,3.65,5456.38,3,5,66.14
7.56,4.77,25.83,1.42,7506.29,95,8,36.13
46.73,71.47,62.83,0.3,4816.19,10,7,46.11
1.3,9.04,35.04,3.71,5402.5,54,8,44.62
3.88,96.24,89.0,2.95,5433.27,2,11,58.54
70.12,53.9,38.54,2.53,4923.5,74,11,57.57
78.58,46.16,39.14,1.53,4074.82,94,3,51.24
67.76,68.33,70.62,1.1,4256.88,58,0,52.32
36.45,46.48,46.91,1.42,3309.95,71,4,46.03
3.29,59.43,42.73,0.47,5413.1,97,14,41.45
71.15,29.1,69.12,3.83,4073.85,6,4,63.96
81.2,3.0,14.7,3.23,7867.44,42,14,60.59
16.91,33.69,53.28,0.62,5963.56,92,6,33.27
25.29,84.17,90.51,1.35,4180.46,71,15,51.79
14.23,62.68,29.51,4.45,4418.94,17,1,54.6
22.8,73.05,96.12,2.78,4155.99,68,8,53.75
5.15,94.33,1.07,4.2,5216.12,75,9,53.32
4.42,4.76,12.58,1.76,5764.24,61,1,41.55
25.43,30.86,10.69,3.53,5770.08,7,7,57.97
74.45,54.37,85.42,2.96,6405.36,78,5,58.72
2.57,24.16,28.25,2.33,6399.04,19,5,44.6
88.02,99.2,70.81,4.41,4353.26,91,8,73.14
35.02,73.48,47.75,3.06,3329.02,8,11,55.48
94.35,29.48,97.29,1.52,5232.33,62,3,54.44
6.53,45.85,84.83,1.78,6692.03,37,0,41.65
18.79,36.09,0.99,4.41,3285.71,16,15,54.89
18.17,85.69,45.88,1.38,7832.63,20,0,50.23
43.98,64.72,51.61,1.44,6247.75,52,4,46.38
49.49,26.06,57.74,4.19,4440.12,58,12,61.73
35.48,65.13,88.36,1.51,7206.23,2,13,55.11
63.92,96.49,38.09,4.42,3009.39,81,4,57.47
41.49,59.76,37.61,4.54,7730.23,15,7,65.87
18.86,32.7,98.58,1.0,4744.83,101,3,42.92
26.02,76.36,72.77,0.95,3478.1,29,3,47.25
73.25,70.41,17.29,3.11,3440.52,35,8,57.43
76.39,88.56,52.59,3.49,5210.42,81,1,60.03
33.16,54.5,65.8,2.08,6697.95,52,2,51.61
81.09,60.66,14.83,3.66,7528.94,15,13,60.76
74.48,89.08,71.2,0.07,3341.29,36,14,53.14
56.28,91.79,50.5,1.34,4114.84,24,13,53.66
92.71,4.91,37.17,1.08,7671.98,19,7,54.53
65.88,10.68,74.22,3.44,3142.09,48,1,58.15
97.04,15.91,49.48,0.98,3128.32,29,13,50.72
15.83,62.09,75.06,1.57,4751.92,2,5,49.06
21.2,8.13,65.46,3.15,3716.86,47,2,49.42
79.76,49.34,35.0,0.27,4693.59,46,2,42.68
92.89,92.31,87.79,0.04,5152.98,80,14,55.8
34.26,6.44,58.35,4.38,6900.77,6,3,58.1
62.34,21.69,84.73,1.45,5128.67,37,13,49.59
97.08,67.88,28.01,3.03,6976.49,40,14,66.27
1.41,84.18,5.31,2.41,7296.79,64,6,50.99
39.67,4.24,82.19,2.63,7315.0,29,1,51.35
18.95,25.3,67.6,2.94,5031.83,20,1,48.98
22.34,52.92,16.1,1.59,6224.66,29,5,45.56
39.19,81.33,15.69,0.87,6394.82,62,8,46.93
10.81,71.3,57.05,4.22,7513.78,88,5,59.3
13.78,19.55,7.82,1.73,4677.01,65,1,40.65
77.92,50.89,70.31,0.32,3592.79,7,4,55.48
32.35,48.66,87.41,0.08,6151.92,95,7,39.75
6.67,57.68,37.52,0.78,5219.47,32,11,45.31
38.85,84.5,12.83,2.06,4929.45,89,15,59.59
64.43,50.72,53.14,3.72,3670.08,94,1,62.33
43.47,37.61,27.28,2.32,3617.02,82,9,45.26
32.91,98.03,79.71,0.61,7066.1,9,7,51.87
54.26,30.92,94.76,2.66,7919.51,75,7,53.47
99.3,55.99,47.67,2.35,3785.27,61,10,56.44
50.13,33.75,78.44,1.3,7169.94,73,7,46.78
11.49,77.06,97.94,1.77,7835.95,99,7,52.22
34.18,56.82,61.19,1.49,7164.99,89,2,46.78
74.41,22.58,61.66,0.16,5119.18,77,15,44.83
44.89,52.08,33.37,0.52,6868.29,85,11,46.31
25.56,25.85,92.25,2.09,6759.51,66,11,51.96
72.51,60.45,22.12,3.96,7901.63,62,1,63.21
55.11,46.6,10.62,2.5,3075.38,36,15,52.12
66.11,56.28,39.02,0.63,5246.07,19,5,50.1
34.16,13.23,72.74,4.08,5260.86,18,3,54.7
64.05,25.17,63.32,1.12,4170.77,7,13,52.17
40.13,35.69,95.77,2.21,5491.71,22,9,53.46
13.39,54.42,29.14,4.02,4702.73,78,15,56.15
35.92,18.28,65.56,1.7,7965.95,22,7,54.29
78.09,48.28,15.55,4.69,4664.35,60,5,60.68
40.22,49.26,8.66,2.2,7118.46,31,13,53.43
69.27,21.34,11.22,2.35,3167.47,27,1,51.88
48.0,47.54,62.86,0.81,3180.38,101,6,43.37
17.2,3.0,27.78,0.76,5221.69,103,13,32.64
69.17,83.53,35.79,0.94,4884.32,55,2,47.2
58.35,31.91,14.17,1.24,6895.4,12,4,45.63
31.69,62.73,17.59,0.64,5710.94,80,14,44.84
37.19,12.62,75.97,0.19,7278.64,83,1,41.11
7.79,91.58,27.08,0.99,7835.41,91,13,47.23
79.53,34.66,66.84,2.71,3052.46,74,10,57.28
67.98,78.59,63.91,0.19,7164.61,47,2,50.1
85.57,65.84,5.62,4.72,3305.95,6,6,63.61
89.03,23.11,59.9,1.19,7943.14,57,14,50.06
61.54,4.48,53.67,0.24,6508.4,16,9,42.73
30.8,1.47,28.17,3.02,4043.13,91,1,43.58
47.3,47.85,99.13,3.06,4865.85,69,8,59.71
37.37,54.76,30.28,3.49,5919.27,59,11,53.01
56.37,81.77,31.45,2.27,7267.99,38,6,57.03
75.31,62.92,28.1,4.69,7802.56,29,6,66.83
21.84,93.29,38.51,4.69,6556.13,4,3,63.66
4.9,22.99,87.43,2.41,3519.91,20,12,43.86
78.76,21.99,38.93,1.45,5749.3,66,4,47.08
88.14,16.26,63.54,1.71,6263.84,5,1,54.35
49.55,88.71,16.32,1.57,4773.99,62,3,50.01
56.6,21.81,54.33,0.02,4870.5,43,7,40.09
98.52,5.79,25.84,1.43,4980.5,18,3,49.74
9.01,82.05,61.27,4.62,7861.66,65,9,64.28
89.96,2.16,18.96,1.15,3189.7,95,6,48.71
38.48,79.53,13.69,4.92,6057.08,19,1,62.03
15.25,57.65,46.56,3.95,3474.78,65,5,52.66
33.63,13.99,50.5,4.82,6077.01,92,3,58.81
33.33,97.63,65.38,4.45,4228.56,31,2,64.41
27.83,99.71,91.39,0.37,6351.77,31,11,46.89
98.57,50.03,99.29,4.18,5784.88,79,3,69.53
42.3,47.98,11.39,4.85,3434.39,76,12,60.09
96.89,27.15,71.75,0.98,6955.73,99,5,53.9
90.31,13.58,19.23,2.3,3529.16,54,5,52.88
87.28,53.39,49.94,1.1,4524.12,14,13,53.74
7.54,45.49,40.7,1.72,3684.85,68,1,44.93
52.7,43.8,49.07,2.69,5143.93,10,13,53.54
71.94,76.71,93.86,2.37,6834.16,60,11,59.89
13.19,3.79,98.12,0.28,4156.19,64,0,33.72
44.54,46.7,30.7,0.78,3629.69,98,6,42.01
84.01,51.45,31.92,4.82,3309.96,2,9,73.24
54.13,60.07,4.1,2.89,5604.3,11,14,55.69
70.18,8.49,59.61,1.78,7667.85,19,2,49.54
77.02,77.95,32.3,0.61,6860.8,15,15,49.33
82.3,17.91,64.06,4.76,7186.36,90,10,69.2
65.95,30.58,33.37,3.86,4172.59,28,3,56.6
17.69,2.07,99.8,1.85,7953.51,98,4,48.48
62.2,44.3,19.26,0.79,5957.98,44,3,42.11
69.61,97.92,21.85,2.58,4110.85,49,4,53.9
99.51,70.06,61.7,3.36,7295.82,79,2,65.11
81.47,79.05,87.06,0.45,5991.84,33,15,52.5
63.08,46.31,76.85,2.33,3895.03,11,0,59.87
30.7,86.86,6.18,1.45,3878.16,45,9,48.24
87.87,55.32,10.67,2.63,7648.71,36,13,58.39
11.81,23.02,63.83,1.55,7914.18,16,15,46.39
41.22,39.57,73.55,1.12,7435.47,19,1,48.14
23.87,79.2,3.41,3.04,4164.77,2,4,48.87
6.88,7.03,37.79,2.57,4863.9,19,1,49.33
80.6,86.55,98.75,4.62,4978.89,72,13,75.0
5.8,85.41,13.63,1.98,5071.36,69,2,44.11
44.53,53.33,59.94,4.99,7807.04,99,12,67.25
69.77,11.58,86.53,3.03,4434.98,60,14,60.94
69.83,60.5,39.67,0.03,3281.37,9,4,46.4
64.22,5.48,16.67,1.77,6439.66,54,12,49.0
28.28,9.01,92.6,4.97,3594.38,63,4,58.99
87.16,84.91,99.93,2.49,6237.17,42,13,64.82
31.71,98.41,86.28,3.39,4555.1,70,1,57.26
87.15,60.51,87.07,4.25,5504.89,12,6,73.53
23.57,56.48,90.49,1.97,3455.81,79,8,47.26
55.98,14.72,52.3,2.81,4689.28,70,12,51.19
9.21,55.98,42.82,0.74,6331.61,57,7,41.8
17.85,6.68,83.05,3.3,7271.4,97,13,51.7
43.44,31.21,22.07,1.01,5805.9,52,0,45.06
93.42,85.49,33.73,3.93,6405.5,87,2,67.47
63.16,85.01,46.34,0.66,6065.01,14,10,53.33
79.44,95.61,4.44,4.98,7329.85,0,4,70.18
86.57,54.94,16.06,1.71,3809.08,99,6,49.66
69.14,99.21,24.04,1.66,7597.87,61,6,57.47
18.01,45.74,98.6,3.6,6708.82,103,13,57.54
85.62,44.42,12.31,0.68,6599.21,5,13,50.47
36.99,38.33,24.48,3.45,6993.88,68,12,52.19
19.64,79.85,44.41,1.01,6945.66,33,15,51.74
29.37,18.92,60.35,1.8,6523.22,66,13,51.52
78.99,3.35,59.54,4.97,4241.75,8,4,65.73
84.86,91.31,26.1,4.87,7621.26,44,3,68.29
70.1,81.68,30.34,4.4,3861.45,39,4,62.54
64.34,7.75,0.19,4.56,5824.0,22,3,56.17
57.31,57.18,51.84,4.22,5731.68,26,9,61.95
88.43,61.68,6.97,4.6,5249.96,27,4,64.5
69.7,55.99,97.93,2.71,6946.81,93,12,63.76
58.88,25.55,5.92,3.02,3089.44,102,3,50.61
62.03,71.5,6.28,1.51,6345.1,15,9,49.15
54.62,10.84,29.98,2.05,5067.35,69,14,44.48
9.2,57.48,98.88,4.7,4358.88,47,7,62.83
83.44,32.08,23.98,4.74,7737.43,56,4,66.05
22.77,50.45,86.07,3.76,7019.41,46,0,53.3
70.04,48.58,96.81,0.35,3300.95,94,9,49.84
6.74,66.25,22.62,0.44,3094.5,17,15,40.12
92.4,89.98,49.98,1.92,4398.36,72,7,59.63
93.69,81.88,30.31,3.04,6898.9,15,12,66.22
4.88,33.09,38.23,3.92,7378.07,59,10,52.18
3.06,1.92,74.11,3.36,5600.57,16,4,50.12
85.39,68.89,85.83,2.44,6365.56,36,12,62.4
56.61,77.86,81.55,2.44,5327.82,32,9,58.87
27.0,30.32,9.1,4.37,6358.38,75,9,54.66
84.86,82.88,57.79,3.75,6417.97,90,5,64.91
5.94,68.98,19.98,4.71,6726.81,44,2,55.82
93.72,82.09,50.28,3.93,3739.92,31,3,66.74
68.32,62.69,14.27,4.85,4145.05,72,11,67.08
12.36,88.9,37.89,1.96,3535.21,63,3,45.58
49.31,50.36,90.21,3.02,3075.01,55,7,58.84
16.21,53.83,59.56,1.5,3700.38,102,8,44.07
24.21,37.99,98.38,1.33,4239.88,29,6,51.44
96.93,29.42,23.84,4.58,5439.95,36,3,61.34
76.99,24.85,94.18,3.8,7987.67,46,14,62.68
48.79,47.7,0.45,1.99,5546.94,65,0,45.61
66.67,98.5,78.62,4.84,6173.19,37,5,67.98
18.27,54.33,29.68,4.09,4912.87,16,8,62.28
63.51,45.56,17.86,0.55,5310.69,30,5,45.21
9.72,85.84,1.26,4.85,3632.86,0,10,59.29
50.54,61.69,13.32,2.52,7449.32,54,9,50.65
39.41,4.53,55.12,4.96,6932.12,27,7,59.79
62.13,44.73,52.64,2.7,3261.44,4,9,56.39
18.33,41.41,96.52,1.5,6287.1,68,4,44.49
40.47,58.56,71.93,1.95,7372.65,101,15,53.11
95.47,56.46,3.97,3.83,7648.31,16,15,72.14
18.48,26.08,44.68,3.98,5573.46,40,13,55.98
32.11,1.86,31.42,0.84,3653.2,67,12,35.61
80.69,11.76,85.32,1.07,4188.17,40,2,48.31
56.45,21.01,3.55,0.29,6193.46,104,1,39.64
67.67,76.33,13.54,0.44,6725.77,97,2,46.89
98.96,37.37,95.05,0.04,7574.86,21,0,51.78
64.36,2.0,64.5,3.07,3313.49,9,0,53.44
40.99,89.16,54.67,1.54,3017.38,91,8,49.9
85.06,80.38,22.8,1.21,7789.8,26,2,58.19
64.53,78.56,5.5,3.83,5401.03,28,5,61.12
25.29,40.99,75.81,0.74,3023.37,23,8,37.19
35.66,20.31,25.18,4.24,7460.85,100,1,53.37
64.4,1.52,83.24,1.87,4756.45,87,15,52.25
54.64,71.25,45.57,3.2,4459.91,35,14,60.55
77.29,13.51,36.16,2.38,6621.84,62,4,56.04
2.37,90.9,37.07,4.33,7250.94,93,4,56.88
26.14,32.4,12.33,3.42,5126.62,49,12,51.45
87.1,59.72,73.86,4.25,6854.03,88,4,67.2
54.23,74.54,4.05,3.31,6819.02,52,0,58.25
11.96,74.75,87.82,2.85,4183.47,4,4,59.05
38.29,40.71,24.59,2.54,7965.7,95,8,52.0
77.38,38.68,4.54,2.01,5291.57,80,0,49.09
65.79,82.03,8.81,4.29,5224.9,103,0,61.49
33.71,3.93,60.22,2.87,7894.11,7,11,52.74
20.66,53.49,44.75,2.99,5064.48,46,6,49.72
36.2,16.01,33.57,0.69,5909.34,75,2,40.21
9.88,95.3,26.71,4.11,3670.16,38,8,58.59
99.68,83.46,66.83,4.77,3930.02,37,7,72.36
22.51,27.84,33.67,2.88,5112.65,37,12,50.51
79.88,90.57,23.87,0.44,7295.52,101,12,50.77
77.06,23.85,38.28,2.83,7894.77,18,6,56.7
20.11,71.35,32.29,3.77,4366.01,86,4,51.86
52.71,82.56,8.86,4.11,7895.97,23,6,61.85
91.2,59.33,59.66,4.31,6679.99,61,6,71.94
45.68,86.43,83.52,2.65,5176.08,85,1,52.37
39.9,39.69,6.38,3.71,6480.02,94,2,51.75
29.01,4.64,49.05,3.09,3542.09,75,13,45.59
40.85,45.02,28.23,2.72,7608.74,22,3,54.83
29.93,21.62,90.88,0.51,5297.96,102,4,43.55
79.35,55.38,30.27,4.99,3041.25,71,11,68.04
5.91,80.17,32.43,1.03,3223.21,75,1,42.25
23.81,91.78,61.78,2.06,6775.93,23,14,55.41
85.56,65.41,31.77,0.58,4444.25,10,8,52.06
34.66,86.17,91.17,4.72,5587.48,93,10,65.62
94.49,36.37,33.62,0.82,6962.21,16,7,52.0
3.46,60.96,12.08,4.75,7199.57,84,5,56.47
41.45,78.33,45.73,0.86,4402.14,26,8,46.3
71.38,65.11,65.01,3.67,3837.85,44,6,59.3
17.17,49.64,79.91,4.05,4639.59,94,13,54.49
34.53,85.46,89.87,3.44,6810.44,23,5,57.51
8.91,26.96,0.05,4.11,5636.56,57,11,49.72
54.92,69.37,62.19,2.88,4347.24,23,6,53.12
39.59,80.39,75.84,0.19,5324.56,29,8,48.31
28.49,57.26,42.36,1.8,4129.67,91,4,48.16
83.49,97.55,61.04,3.16,6166.27,62,2,60.36
37.59,92.42,89.98,1.32,4156.04,39,4,54.64
71.71,21.39,92.12,1.78,5696.9,5,2,52.33
39.46,32.13,16.58,1.93,3109.66,98,7,45.39
80.57,47.53,59.61,3.87,4110.97,11,8,66.51
46.57,5.86,74.44,2.1,3025.34,7,4,48.35
46.04,13.64,31.18,4.01,7531.19,82,10,59.47
40.95,84.58,63.0,0.58,3316.57,97,6,45.13
39.16,33.42,63.64,1.95,3514.51,92,1,48.33
82.51,0.5,38.93,3.35,3623.75,87,7,56.39
54.42,48.77,82.68,0.01,6180.62,17,1,45.87
87.03,51.43,74.57,3.48,4608.53,91,5,64.27
92.48,78.04,59.05,4.83,7043.95,13,12,72.36
43.8,67.35,45.62,1.23,5009.93,66,10,45.91
34.76,71.13,33.27,4.81,7905.59,8,7,68.07
88.12,4.71,35.89,4.59,4673.43,84,3,65.66
19.81,3.11,47.03,0.76,7141.57,50,8,42.42
25.49,2.49,47.33,0.93,3831.6,62,1,38.56
46.96,23.58,40.46,0.48,4662.31,3,5,44.83
25.29,65.04,96.03,3.99,4594.42,21,10,62.35
19.77,46.12,50.36,0.46,7945.15,0,2,41.29
82.85,50.42,62.72,0.19,3454.7,52,6,50.12
20.6,13.94,94.55,1.18,6751.25,35,3,45.97
14.05,7.54,1.17,3.96,7269.66,18,5,48.56
36.69,12.42,74.99,4.58,7527.11,19,14,67.06
15.74,98.1,60.65,3.29,5250.95,17,13,62.17
46.04,0.01,25.85,1.9,3401.06,65,13,45.34
25.71,55.56,12.02,4.51,4927.14,35,9,56.59
51.89,27.0,69.09,3.89,5913.02,34,4,59.08
50.14,27.67,64.89,3.74,6374.43,6,2,59.02
68.82,29.13,39.93,3.97,5890.83,59,13,62.83
40.54,78.21,57.92,3.79,3767.11,98,3,53.91
77.83,79.98,63.81,0.03,6984.14,89,12,51.58
78.85,11.23,33.63,3.04,3950.36,8,11,56.36
3.56,41.75,84.02,2.27,4927.6,10,14,47.33
34.71,63.29,24.64,4.34,7611.51,50,0,59.0
24.1,80.99,75.22,1.65,5961.71,21,15,52.86
7.49,38.23,19.04,3.31,4543.78,60,0,53.31
41.49,99.33,65.96,3.23,6104.87,42,2,55.05
81.42,6.25,66.57,2.27,7254.56,49,0,51.7
98.31,41.79,55.17,2.27,4163.06,62,6,57.76
81.37,1.73,8.91,2.26,5681.99,81,13,54.99
87.28,46.18,59.23,4.33,5177.51,8,12,67.51
77.17,25.8,4.36,1.04,5811.58,48,10,50.7
35.36,52.92,43.01,2.5,7999.98,66,8,53.26
88.89,20.22,10.61,1.55,7287.33,68,3,53.17
5.15,46.02,36.9,4.22,6120.93,98,14,56.35
76.71,68.74,92.09,2.76,6228.58,56,8,61.68
2.71,10.98,31.21,3.38,4999.81,11,14,50.12
3.61,90.94,75.86,4.46,5316.25,10,4,57.23
88.06,80.15,73.0,3.15,5298.21,10,8,65.33
41.69,75.54,38.55,3.5,5810.64,102,3,55.18
14.82,76.52,13.26,0.15,7083.89,88,5,41.12
1.09,72.69,62.53,1.28,7958.8,71,10,48.59
47.5,45.45,32.05,1.49,5546.5,103,9,46.63
44.83,85.48,53.26,3.61,3343.18,85,5,58.53
9.47,81.37,25.94,2.2,6754.61,33,11,47.52
65.21,20.08,92.04,4.96,5948.82,20,9,70.33
49.3,55.97,22.71,4.41,6158.62,49,2,63.19
30.3,93.65,81.62,4.55,3018.24,14,0,61.71
88.73,29.93,10.51,0.95,6117.58,83,6,44.97
52.37,90.22,88.88,0.54,7923.9,100,1,49.92
88.54,35.62,20.0,1.91,4697.45,99,12,54.96
24.51,29.36,57.88,4.98,4053.63,11,15,59.01
6.34,69.79,76.22,1.2,4125.77,1,13,48.81
85.61,38.5,75.09,4.14,6697.53,17,6,69.9
23.18,2.36,45.68,3.29,4931.29,101,0,49.61
85.66,76.97,32.78,3.51,7545.35,27,13,66.84
26.28,67.77,2.75,1.82,3265.43,82,2,45.38
83.35,39.74,79.63,4.26,5051.23,12,7,70.52
41.61,78.23,4.57,4.04,7113.95,95,6,54.83
0.97,27.92,39.98,2.44,7506.42,95,11,42.17
17.74,85.36,88.48,0.92,3131.78,9,13,46.87
79.71,45.27,70.91,4.27,6932.99,88,5,69.15
32.3,36.57,39.53,1.9,3792.05,7,7,45.11
63.0,50.02,36.14,1.59,4886.49,62,14,49.86
47.4,88.31,35.9,4.98,6473.77,46,8,64.21
41.45,53.11,72.05,4.26,3324.85,72,4,62.17
71.88,69.92,70.66,0.56,7663.77,13,8,51.77
54.96,70.51,64.26,4.19,3288.11,29,7,59.65
65.92,13.02,31.05,0.22,6218.86,61,1,43.33
3.34,61.72,74.37,3.37,3097.31,8,15,55.84
81.66,25.63,61.23,1.49,6312.59,38,5,57.2
16.12,11.87,92.11,3.7,6627.21,15,0,50.41
79.07,77.05,12.94,4.07,6227.36,19,1,63.77
64.33,14.12,8.33,4.27,3589.34,83,12,58.21
67.44,99.4,35.23,1.82,5364.63,26,3,51.65
23.33,7.21,33.22,1.24,4920.86,57,4,41.75
46.53,39.4,90.63,1.84,6162.78,38,9,56.52
5.52,53.76,19.96,0.6,7647.89,104,11,43.89
90.79,87.88,80.17,3.63,6067.63,94,10,67.48
21.6,42.58,48.91,4.99,3947.29,77,11,59.62
67.77,45.96,72.44,0.43,3006.14,57,5,47.02
21.2,61.68,49.16,2.64,5826.81,61,3,53.02
71.27,33.56,38.98,4.44,5356.97,76,7,64.8
47.93,49.83,29.48,0.45,7017.16,53,5,39.91
41.87,85.51,47.04,3.93,7943.06,69,7,58.78
15.84,79.08,53.59,3.29,7936.93,55,2,51.2
62.02,63.86,58.59,2.08,4492.72,49,15,54.31
94.79,1.64,81.2,1.69,6368.1,18,1,52.25
91.05,69.14,23.33,4.45,6895.64,51,8,64.74
19.71,23.47,56.76,4.59,7220.43,46,1,60.89
29.7,63.05,15.12,4.88,5626.12,4,15,63.76
39.16,32.8,72.05,0.99,5524.26,95,5,49.66
82.58,7.67,59.61,3.2,3642.5,0,7,62.82
59.84,33.27,65.98,3.73,5468.57,34,6,60.01
48.96,67.67,53.07,4.27,6381.67,88,2,65.6
96.82,91.15,87.46,2.8,3621.58,95,2,63.52
58.1,37.8,91.58,0.66,7842.54,73,2,45.42
19.91,50.89,27.06,3.65,4483.57,104,15,53.65
97.06,94.13,9.07,2.87,5343.63,18,15,64.73
14.45,64.21,12.39,3.57,6151.73,65,8,49.72
50.8,12.42,77.13,4.67,4794.39,36,2,53.43
58.45,92.94,36.31,3.2,5840.85,21,2,60.92
34.63,4.55,14.33,2.25,6061.73,50,0,44.57
75.83,44.02,6.25,1.04,4265.49,52,3,49.1
40.94,72.77,80.76,1.38,7557.01,61,5,50.49
39.7,76.44,51.76,0.67,5888.16,75,7,45.1
71.82,40.85,28.89,0.99,7713.83,40,8,51.36
98.24,50.96,38.12,0.23,3921.06,40,2,44.71
68.05,85.82,23.39,2.87,3049.91,8,14,59.62
41.46,32.32,64.23,2.08,3569.55,102,13,49.77
50.08,15.42,19.45,2.5,6169.5,4,8,52.65
12.52,42.96,75.78,1.28,3280.68,57,5,41.87
14.88,70.02,66.2,4.22,7994.26,101,1,61.05
31.3,53.46,17.17,3.25,7922.62,47,5,52.53
15.27,37.69,25.36,2.03,5755.49,3,0,43.42
6.89,13.79,48.21,1.46,4736.76,39,1,42.27
87.72,69.13,82.38,0.29,6128.96,80,3,52.93
67.68,16.86,2.87,1.66,6095.19,9,12,53.83
83.62,40.46,73.18,3.28,5380.71,60,6,58.8
61.04,88.02,81.65,3.77,6213.03,16,2,68.65
14.8,100.0,17.43,1.44,4814.26,71,13,48.36
48.71,76.88,75.16,1.51,7396.51,68,9,51.55
51.15,48.24,88.77,0.17,4336.23,3,8,48.87
46.04,44.24,41.22,3.54,5358.1,29,6,56.24
18.3,65.61,43.02,0.54,4134.68,50,14,40.05
75.43,51.95,28.02,3.57,6490.46,65,14,63.51
22.22,81.47,78.22,1.72,4982.92,23,6,49.0
74.45,91.2,79.37,2.78,3099.62,43,9,61.37
30.92,33.83,89.07,3.69,5028.24,0,6,58.09
82.72,22.68,70.01,2.9,6881.84,81,2,58.06
37.74,49.04,26.17,0.05,3453.75,98,7,38.7
99.17,56.37,33.27,2.24,7589.27,21,3,61.58
35.47,50.49,67.25,0.13,4167.57,74,11,45.2
26.73,70.13,80.6,0.61,5045.57,72,14,42.37
88.52,58.48,93.5,0.68,7475.26,46,10,53.92
83.84,8.28,3.5,0.42,7447.51,53,14,43.4
66.01,29.53,93.81,3.79,7282.39,98,15,67.21
27.87,44.36,30.75,1.78,7070.56,30,7,44.26
27.67,33.3,33.0,2.89,6430.49,78,4,46.55
82.34,21.46,52.3,3.26,6141.2,43,13,63.39
81.7,88.42,16.81,4.64,6892.77,100,8,66.36
38.6,80.87,49.03,4.27,6914.98,94,0,63.94
39.6,55.14,74.09,2.97,6628.68,46,0,55.51
20.17,94.93,15.83,2.69,7558.32,54,4,46.9
31.39,63.49,61.56,3.1,7797.27,10,8,58.62
35.18,93.93,7.82,3.25,4111.34,9,3,54.9
88.65,29.92,32.1,2.47,6507.4,2,15,57.0
56.68,13.41,93.01,2.89,7070.37,11,14,61.85
38.8,94.35,45.37,1.65,4860.96,47,11,54.13
89.78,20.82,79.83,3.15,7802.33,80,15,63.77
38.79,67.47,11.36,3.28,5615.38,85,3,57.84
94.84,3.24,75.24,3.24,7852.59,4,1,66.99
22.09,90.19,96.65,0.4,7101.15,104,4,46.7
84.99,2.28,44.45,3.03,7064.35,16,3,57.84
29.05,61.47,70.15,4.97,3000.33,11,13,64.53
54.87,81.85,99.22,2.88,5649.27,53,5,60.85
24.45,75.57,80.05,0.29,6398.29,93,9,45.29
11.24,52.43,96.55,3.91,7314.71,92,14,61.82
53.95,48.76,69.54,3.1,6638.28,27,2,57.59
97.47,99.06,40.38,3.87,4204.5,11,10,67.01
62.1,70.15,76.07,2.45,4908.86,83,5,55.69
48.49,43.78,14.08,4.66,7978.84,100,12,57.85
12.92,18.44,98.22,2.67,6045.37,83,8,50.14
46.34,34.01,19.94,0.8,7341.11,58,11,47.18
53.81,80.29,61.2,4.36,5884.48,5,1,63.05
18.98,51.37,89.59,4.66,6359.37,96,11,64.59
89.52,54.35,64.52,3.35,3551.51,0,2,68.98
97.01,15.7,46.01,4.94,6223.45,64,5,63.8
64.29,9.29,32.85,4.48,7862.68,10,6,63.84
90.0,46.51,24.28,1.02,7574.55,85,7,53.04
0.43,44.01,29.52,0.23,5511.4,33,3,37.04
6.03,41.81,76.54,0.74,4388.37,25,3,44.11
66.4,36.46,27.57,3.26,7595.68,71,7,56.75
75.85,93.9,46.94,3.03,6530.41,44,0,64.6
65.95,69.6,29.81,0.94,6617.42,78,8,54.76
97.35,18.39,34.11,3.55,4258.35,23,14,67.45
65.49,66.27,75.18,4.76,6814.14,1,8,69.51
3.56,85.42,66.3,0.16,6148.15,58,14,45.47
63.35,28.8,37.57,3.93,6197.54,58,2,55.07
67.08,52.17,33.91,2.61,3621.55,60,11,55.14
70.55,12.5,54.85,1.69,4038.86,4,4,52.87
74.09,95.68,22.75,4.46,5109.18,23,8,69.42
3.36,9.96,77.14,1.01,7045.49,101,6,41.0
90.63,83.31,0.18,1.22,4462.14,29,13,53.06
27.47,33.62,21.2,3.51,6872.73,56,11,52.27
16.7,84.83,67.52,0.08,5281.49,78,1,43.3
54.81,27.32,85.86,3.04,7792.1,12,12,56.51
98.91,97.77,33.11,1.0,5398.08,83,15,58.54
81.27,57.36,13.61,3.4,4211.42,88,11,54.09
59.39,51.28,22.02,3.64,4812.5,94,3,50.35
33.46,97.46,45.88,2.09,5574.51,23,3,57.42
35.34,67.78,55.15,3.4,4975.56,92,2,59.31
88.68,13.05,91.84,1.23,7693.66,21,8,55.05
14.51,5.88,84.93,3.13,6422.53,39,4,47.43
19.22,7.51,29.07,4.78,3785.64,45,3,54.36
12.43,23.05,31.12,3.96,7968.8,98,15,55.16
28.98,85.07,17.64,4.22,6752.01,67,8,57.4
78.49,35.84,13.49,1.01,6778.54,42,7,48.98
64.95,2.83,93.89,3.14,6805.81,103,13,66.5
73.08,40.88,6.82,4.34,6046.8,90,6,60.28
12.31,6.65,78.07,0.6,7946.17,48,8,38.82
28.68,85.21,66.21,4.26,5058.13,79,4,57.81
19.2,59.77,87.32,1.7,5302.59,12,9,55.82
7.41,48.53,10.42,4.31,6961.33,87,0,57.35
88.28,9.0,65.75,1.49,4871.01,74,12,52.96
83.75,73.54,15.97,3.56,3804.83,18,9,62.36
72.63,2.12,41.06,0.92,7572.22,4,13,48.81
19.36,38.17,27.5,2.31,4982.14,13,11,49.14
23.34,40.48,63.43,4.89,7715.3,2,3,60.34
7.92,37.86,80.68,1.75,7588.58,75,0,45.23
48.03,50.09,76.38,4.41,3335.88,75,4,64.93
76.91,8.65,64.84,1.47,4652.76,79,8,51.55
20.06,40.89,46.25,4.68,3583.84,27,8,55.76
53.29,34.57,68.92,3.9,4752.69,50,2,59.2
99.61,36.67,89.72,2.83,6863.05,30,2,59.17
46.72,70.56,57.8,2.02,7525.95,79,6,51.6
5.07,11.73,58.38,0.65,3776.8,1,10,41.33
90.23,6.54,40.39,4.56,6004.16,99,11,64.84
12.69,85.78,63.27,4.93,3834.13,72,11,61.42
84.84,95.96,21.87,1.06,7518.32,59,2,50.72
73.82,31.46,81.58,1.19,5588.21,48,8,50.63
14.63,65.27,72.12,1.7,4222.16,76,10,43.64
49.22,89.35,70.44,2.41,5039.84,60,9,59.43
82.86,44.56,43.5,2.88,7191.74,5,14,56.83
92.98,2.12,60.32,2.48,3924.79,77,15,58.0
50.73,52.94,92.2,2.48,6037.14,83,15,54.88
46.03,75.16,60.22,1.72,4817.66,92,4,52.86
52.57,9.52,50.29,4.9,4349.85,69,4,63.5
5.18,68.24,56.01,1.71,4321.55,57,8,46.83
16.39,71.35,85.12,1.63,7832.82,37,0,48.82
30.14,89.72,56.92,3.83,6356.84,89,8,59.77
93.79,99.13,34.59,4.38,4528.29,12,8,69.14
72.24,72.31,53.93,0.83,4549.66,37,12,54.32
60.69,3.53,92.32,4.87,7800.04,32,7,62.17
3.39,67.56,48.84,4.81,5005.67,94,3,62.31
11.57,75.22,21.34,3.1,4063.37,57,4,47.21
6.03,76.33,50.84,0.18,4102.58,49,0,34.94
78.97,97.54,38.63,2.56,6784.29,52,4,57.7
60.36,97.48,88.23,2.94,6198.47,69,6,64.5
12.9,17.25,83.78,2.59,6230.29,96,4,52.11
39.79,15.11,94.4,2.79,4583.93,30,2,52.85
18.56,17.71,82.77,1.1,7045.6,67,9,45.43
76.62,62.86,63.53,2.25,3467.8,24,4,58.23
42.25,85.21,3.25,1.88,6912.89,17,10,49.83
22.92,66.48,14.07,4.99,6966.0,67,15,64.33
50.08,63.71,14.08,0.52,4248.51,47,12,40.89
52.2,14.63,3.68,0.99,6423.3,94,12,42.07
86.47,22.6,17.41,0.5,6193.97,59,9,50.49
35.15,11.57,60.98,0.06,5481.46,3,7,46.23
11.6,88.13,11.46,4.33,7243.68,90,5,54.27
95.66,47.39,33.93,0.97,7621.46,81,1,50.7
27.54,92.44,23.27,3.45,5672.71,62,15,54.99
83.02,86.12,45.94,1.33,6165.08,34,0,54.63
13.02,17.74,32.5,1.3,3801.47,14,6,45.01
53.76,68.65,70.84,3.42,5563.12,20,4,61.27
2.03,64.76,58.57,3.8,5622.18,40,3,52.52
54.12,16.84,61.19,4.62,6007.72,74,2,63.19
83.08,23.66,51.73,2.74,6318.61,15,0,55.54
73.14,21.58,8.73,1.64,5488.1,8,6,45.88
22.52,26.62,88.5,1.22,7780.89,48,12,50.16
74.77,92.02,41.82,1.96,4798.91,67,11,56.09
34.22,76.66,43.44,2.09,6007.8,48,7,53.29
5.72,24.74,11.39,0.06,4035.08,81,5,31.85
59.35,45.4,79.05,0.63,6501.32,88,13,52.5
3.96,52.71,17.9,4.95,6876.5,0,7,64.32
25.07,47.93,77.03,3.43,5704.13,71,4,54.81
31.6,87.69,1.65,3.68,5231.54,23,3,57.61
10.04,3.78,30.09,0.83,3252.84,13,15,40.46
78.5,25.73,33.63,2.26,3815.84,49,14,53.05
97.2,71.02,11.11,3.89,3969.08,86,9,67.28
67.33,17.42,33.85,4.98,7499.64,58,6,63.63
93.71,33.18,99.41,1.96,3355.13,64,0,55.53
63.6,0.52,66.6,4.99,5102.01,91,12,68.06
10.78,50.63,99.95,0.22,4651.6,81,10,35.01
72.25,11.54,4.13,3.53,5613.02,70,8,54.12
24.89,7.87,88.18,4.32,7545.69,60,12,58.54
96.4,5.46,76.4,1.98,3658.07,70,15,53.25
25.59,41.05,52.35,0.57,6483.89,98,14,45.37
97.17,2.61,76.25,0.35,6290.71,80,13,49.66
30.8,55.14,60.44,2.12,5584.86,87,15,55.21
79.61,73.7,80.57,0.56,3023.56,34,8,51.18
33.43,47.77,8.95,4.73,4852.78,42,1,60.94
84.87,24.97,59.7,0.7,7908.24,73,11,50.73
42.48,43.43,87.15,2.65,7800.7,26,12,60.55
35.52,5.95,40.84,1.42,4639.55,74,0,41.57
36.42,98.75,84.16,0.85,5871.45,86,15,55.97
24.89,10.28,75.25,0.02,3580.07,44,14,38.56
81.73,24.99,83.18,3.24,5713.95,99,12,60.09
12.21,20.68,40.94,2.54,6884.08,83,15,45.82
27.15,26.06,6.38,2.15,7922.34,58,10,46.93
67.03,93.66,78.24,0.7,4438.83,55,3,52.29
16.52,21.78,44.75,4.48,3567.59,99,0,50.68
10.78,30.42,28.08,2.0,5609.18,16,5,46.19
47.75,7.21,52.63,0.53,3544.73,91,5,42.66
80.37,75.16,70.2,4.03,3082.62,29,5,64.39
56.14,3.36,91.58,4.61,7716.09,77,10,65.79
82.33,39.43,29.78,3.89,5650.4,64,9,60.35
38.11,6.24,14.38,4.86,4566.07,25,10,55.79
6.44,14.51,76.8,0.11,4121.68,18,11,39.16
29.88,92.39,85.69,3.95,5065.16,102,1,63.26
8.85,92.11,46.41,0.73,3492.28,76,1,43.59
72.92,30.69,62.25,4.16,3147.67,29,10,67.22
1.65,91.7,43.41,0.67,4642.78,101,2,36.73
79.26,19.33,25.78,4.36,3199.97,85,8,61.79
7.23,81.42,29.14,3.82,4781.96,65,15,57.02
90.89,1.77,22.25,3.81,3682.74,78,11,57.65
65.35,94.12,66.97,1.17,7577.11,51,2,55.51
51.25,59.79,57.05,3.79,7786.99,33,2,59.33
69.76,10.08,79.48,3.86,6429.81,22,14,62.35
86.1,35.6,89.46,0.29,5687.49,70,1,49.48
14.22,34.59,77.86,1.87,4883.67,100,14,49.47
37.64,75.13,32.41,4.78,4986.59,58,13,61.08
0.17,34.23,87.32,4.84,5033.08,104,2,60.76
96.7,0.86,1.34,4.95,4868.05,56,2,62.12
35.9,86.62,40.52,1.4,5968.56,52,14,50.47
28.08,69.4,30.86,1.24,7416.25,76,14,46.58
6.31,35.89,13.78,4.77,5280.33,46,11,57.09
82.95,96.12,61.27,3.23,7063.29,22,7,68.59
23.77,15.36,30.52,0.8,6881.31,18,8,39.82
84.25,61.09,52.57,4.54,6390.79,51,1,60.25
27.7,47.82,60.02,1.41,4862.0,92,1,44.42
96.51,72.18,24.36,2.67,6823.67,80,5,59.37
90.58,21.89,88.59,0.25,4148.98,96,5,50.37
11.91,47.31,57.37,2.9,3779.02,54,11,52.87
40.06,12.4,95.55,0.36,3248.95,45,1,35.68
26.01,14.12,25.46,3.8,5790.77,62,1,49.7
12.8,70.22,68.81,4.17,7479.33,49,15,61.73
44.42,49.44,47.31,1.12,5029.59,102,6,48.31
35.37,70.21,40.2,1.51,5106.13,86,5,47.15
31.66,69.41,35.14,0.37,5237.68,0,12,47.79
92.85,23.66,46.58,0.96,7019.28,92,14,55.79
32.23,48.42,6.83,2.67,6419.33,15,10,52.13
85.36,6.05,19.39,3.9,6322.01,52,1,53.79
3.89,69.05,44.87,2.29,7110.84,56,3,49.37
45.71,28.54,46.33,0.8,5429.77,48,8,39.58
79.05,2.27,54.54,1.23,4953.92,53,11,46.65
89.28,7.72,45.75,0.89,6160.39,67,15,48.14
34.38,86.51,71.74,3.36,6592.01,47,3,60.11
39.98,36.22,60.29,1.76,3937.63,42,5,45.46
49.04,80.89,26.72,4.38,7182.52,89,2,57.91
71.28,79.1,68.45,1.33,7910.54,97,8,53.4
40.11,68.99,14.52,1.18,3381.52,45,11,47.01
0.93,83.26,47.51,1.62,7285.59,26,14,47.99
81.35,44.8,73.33,3.59,4530.56,45,4,60.09
30.94,66.72,74.03,4.44,4534.83,47,4,65.22
91.87,62.94,32.88,0.73,7377.58,37,13,54.18
99.14,76.47,37.06,3.44,7667.46,57,7,68.23
66.62,89.01,58.59,4.74,4963.38,58,9,69.33
