zone_code,week,flood_events,heat_events,aqi_events,flood_risk_score,heat_risk_score,aqi_risk_score,total_claims,total_payouts_inr
CHN-VEL-4B,1,2,0,0,60.38,38.91,42.45,3,2610.27
CHN-VEL-4B,2,1,0,1,61.47,26.58,46.73,14,1320.95
CHN-VEL-4B,3,1,0,1,60.83,32.92,45.41,3,1319.16
CHN-VEL-4B,4,1,1,0,63.89,34.46,49.26,13,4516.26
CHN-VEL-4B,5,3,1,1,65.56,32.65,49.1,2,3329.73
CHN-VEL-4B,6,4,1,0,75.38,23.08,44.44,10,671.72
CHN-VEL-4B,7,0,0,1,70.58,36.08,47.32,2,3915.72
CHN-VEL-4B,8,2,0,0,74.59,26.1,53.34,13,2888.42
CHN-VEL-4B,9,1,0,0,81.04,28.86,53.11,1,1333.38
CHN-VEL-4B,10,3,1,1,79.53,15.92,39.85,2,3755.81
CHN-VEL-4B,11,1,0,0,72.17,24.94,47.56,7,3748.1
CHN-VEL-4B,12,0,0,1,88.86,25.33,50.73,6,1738.25
CHN-VEL-4B,13,3,0,1,72.62,34.54,55.12,11,326.33
CHN-VEL-4B,14,3,0,0,73.2,17.82,53.91,15,4970.2
CHN-VEL-4B,15,1,0,1,76.24,25.71,54.29,3,326.08
CHN-VEL-4B,16,4,0,1,67.65,17.72,46.84,9,1019.48
CHN-VEL-4B,17,2,0,0,81.41,23.34,52.66,6,4.12
CHN-VEL-4B,18,4,0,0,76.4,32.92,36.75,15,2673.62
CHN-VEL-4B,19,1,0,1,65.65,18.38,43.01,0,1331.58
CHN-VEL-4B,20,2,0,0,79.36,41.52,46.02,1,3989.14
CHN-VEL-4B,21,3,0,0,69.33,21.16,51.79,15,4885.69
CHN-VEL-4B,22,2,0,0,73.19,20.82,47.03,3,4961.63
CHN-VEL-4B,23,0,1,0,67.53,16.21,50.42,9,679.34
CHN-VEL-4B,24,0,0,0,63.93,29.3,44.13,7,3575.69
CHN-VEL-4B,25,3,1,1,68.22,28.26,51.2,10,351.22
CHN-VEL-4B,26,1,0,0,70.06,27.15,51.51,10,3401.44
CHN-VEL-4B,27,2,1,1,65.67,36.73,55.73,5,2456.23
CHN-VEL-4B,28,1,1,1,59.31,34.16,34.78,6,1982.14
CHN-VEL-4B,29,1,0,0,57.92,40.43,49.43,10,1178.27
CHN-VEL-4B,30,1,0,0,51.34,34.64,40.54,6,570.02
CHN-VEL-4B,31,0,0,0,41.67,27.31,51.73,4,915.0
CHN-VEL-4B,32,0,0,1,46.82,35.48,52.35,11,1674.77
CHN-VEL-4B,33,1,1,1,50.62,39.83,49.63,5,3611.96
CHN-VEL-4B,34,0,1,1,40.44,35.67,36.63,9,399.58
CHN-VEL-4B,35,2,0,1,37.15,45.49,55.94,15,3808.04
CHN-VEL-4B,36,2,1,0,51.35,45.79,45.15,1,1406.38
CHN-VEL-4B,37,1,0,1,46.24,44.44,53.03,15,2621.88
CHN-VEL-4B,38,1,0,1,44.57,45.96,48.72,7,3031.35
CHN-VEL-4B,39,0,1,0,44.33,47.55,42.67,6,2296.8
CHN-VEL-4B,40,1,1,1,41.6,46.57,45.58,1,1934.99
CHN-VEL-4B,41,2,0,0,36.64,44.08,45.17,11,555.89
CHN-VEL-4B,42,1,0,1,49.89,50.45,46.56,10,627.3
CHN-VEL-4B,43,2,1,0,44.51,47.41,38.9,14,3428.34
CHN-VEL-4B,44,0,0,1,44.8,39.78,41.86,2,3364.66
CHN-VEL-4B,45,0,0,1,40.21,39.33,39.65,7,3931.56
CHN-VEL-4B,46,0,1,0,39.26,46.42,47.22,0,2080.4
CHN-VEL-4B,47,2,2,1,49.53,35.15,41.15,13,372.12
CHN-VEL-4B,48,1,0,0,51.12,41.02,52.45,4,1174.78
CHN-VEL-4B,49,1,1,0,45.38,39.84,45.92,1,3169.23
CHN-VEL-4B,50,3,1,0,52.1,42.27,42.94,14,1189.98
CHN-VEL-4B,51,2,1,0,48.51,39.21,41.24,10,541.23
CHN-VEL-4B,52,1,0,0,58.97,34.02,50.9,2,337.28
CHN-VEL-4A,1,2,1,0,55.58,61.03,42.38,4,905.15
CHN-VEL-4A,2,1,1,1,70.36,51.81,46.8,4,2626.79
CHN-VEL-4A,3,2,0,1,59.41,62.9,37.49,15,3197.24
CHN-VEL-4A,4,2,1,1,60.39,63.0,29.87,10,3620.28
CHN-VEL-4A,5,2,0,0,78.27,52.21,46.8,12,2704.85
CHN-VEL-4A,6,3,1,0,67.92,52.71,25.55,5,3324.66
CHN-VEL-4A,7,2,1,0,73.97,50.19,43.14,5,850.0
CHN-VEL-4A,8,0,1,0,71.34,50.47,41.98,3,3096.28
CHN-VEL-4A,9,2,1,0,74.46,42.61,43.32,13,3982.99
CHN-VEL-4A,10,1,0,1,70.22,41.34,33.37,10,4074.89
CHN-VEL-4A,11,3,1,0,79.95,43.05,37.28,11,702.44
CHN-VEL-4A,12,5,1,0,72.56,39.27,42.86,11,2208.17
CHN-VEL-4A,13,2,0,0,73.85,46.59,41.91,6,3211.23
CHN-VEL-4A,14,1,1,1,71.0,41.46,50.19,13,2771.13
CHN-VEL-4A,15,1,0,0,85.55,49.14,45.41,3,3301.18
CHN-VEL-4A,16,1,0,0,76.93,50.82,40.43,7,4306.17
CHN-VEL-4A,17,2,1,0,75.16,46.36,34.92,11,2885.8
CHN-VEL-4A,18,2,1,1,74.19,45.64,40.97,15,3075.98
CHN-VEL-4A,19,2,2,0,74.84,41.18,28.09,0,2337.96
CHN-VEL-4A,20,3,1,0,71.22,48.83,55.53,14,2385.16
CHN-VEL-4A,21,0,1,0,69.79,60.9,54.84,13,4673.31
CHN-VEL-4A,22,1,0,0,72.13,49.82,37.09,13,2481.95
CHN-VEL-4A,23,2,1,1,66.78,50.32,37.72,4,1877.64
CHN-VEL-4A,24,2,0,1,63.98,55.98,39.39,13,4537.17
CHN-VEL-4A,25,1,1,0,57.51,52.77,33.01,13,1949.6
CHN-VEL-4A,26,1,1,1,56.13,50.19,46.18,8,868.14
CHN-VEL-4A,27,2,1,0,54.31,57.69,48.56,13,1130.32
CHN-VEL-4A,28,3,2,0,58.31,68.78,33.87,4,2039.49
CHN-VEL-4A,29,2,2,1,54.5,67.46,36.47,9,113.47
CHN-VEL-4A,30,1,0,1,59.99,66.3,40.95,4,71.91
CHN-VEL-4A,31,2,1,0,57.19,82.63,48.36,5,553.7
CHN-VEL-4A,32,3,1,0,45.28,79.71,38.9,3,1372.47
CHN-VEL-4A,33,2,1,0,41.56,72.66,49.74,4,3750.18
CHN-VEL-4A,34,1,1,0,44.35,70.89,47.33,14,140.86
CHN-VEL-4A,35,0,1,0,45.36,79.3,42.36,11,904.13
CHN-VEL-4A,36,0,2,1,47.85,75.41,39.19,3,1761.88
CHN-VEL-4A,37,0,2,0,48.66,78.3,52.68,7,1694.64
CHN-VEL-4A,38,0,2,0,42.15,88.45,43.54,2,4526.27
CHN-VEL-4A,39,1,2,0,40.49,77.22,44.79,10,1327.05
CHN-VEL-4A,40,0,3,0,40.19,86.04,18.83,15,4408.47
CHN-VEL-4A,41,2,2,0,37.83,77.64,47.86,11,4736.91
CHN-VEL-4A,42,0,2,1,49.08,94.86,42.94,13,3175.4
CHN-VEL-4A,43,1,2,0,41.97,71.4,34.39,12,1264.79
CHN-VEL-4A,44,1,2,0,46.64,76.14,42.68,8,2433.23
CHN-VEL-4A,45,0,1,0,39.25,76.0,34.54,9,4720.16
CHN-VEL-4A,46,2,2,0,48.69,71.08,39.59,15,1503.14
CHN-VEL-4A,47,1,1,0,43.58,76.27,52.64,5,2643.24
CHN-VEL-4A,48,0,2,0,50.06,69.94,31.78,13,1102.01
CHN-VEL-4A,49,2,1,0,52.27,70.05,30.29,8,4581.72
CHN-VEL-4A,50,2,1,1,46.75,70.45,50.18,11,1051.94
CHN-VEL-4A,51,2,1,2,58.38,63.18,31.11,1,2818.83
CHN-VEL-4A,52,2,2,0,56.03,58.89,24.08,12,3803.21
CHN-ANN-2A,1,0,1,1,92.21,37.46,33.89,12,1406.64
CHN-ANN-2A,2,3,1,0,88.43,37.86,34.33,2,624.87
CHN-ANN-2A,3,5,1,0,85.42,38.69,45.28,0,359.74
CHN-ANN-2A,4,5,0,0,90.42,33.11,39.24,13,3386.09
CHN-ANN-2A,5,4,1,0,85.51,36.48,40.03,6,2852.0
CHN-ANN-2A,6,2,1,0,95.04,35.69,43.52,2,3492.27
CHN-ANN-2A,7,3,0,0,95.53,33.95,30.52,7,1225.87
CHN-ANN-2A,8,4,1,1,96.38,41.35,37.26,9,3974.11
CHN-ANN-2A,9,3,0,1,96.13,32.44,51.14,13,4321.98
CHN-ANN-2A,10,3,0,0,97.32,35.19,41.85,3,2602.94
CHN-ANN-2A,11,2,0,1,93.44,29.24,36.4,1,2600.93
CHN-ANN-2A,12,2,1,0,97.85,29.71,56.46,1,1149.62
CHN-ANN-2A,13,1,0,0,89.05,28.22,40.16,11,3697.09
CHN-ANN-2A,14,4,0,1,100.0,31.9,42.65,2,3735.68
CHN-ANN-2A,15,4,1,2,100.0,28.19,33.64,0,1213.74
CHN-ANN-2A,16,3,2,1,97.55,28.09,47.65,8,3299.64
CHN-ANN-2A,17,2,0,0,97.65,25.95,44.44,12,2343.76
CHN-ANN-2A,18,3,0,0,98.23,30.79,51.2,6,75.45
CHN-ANN-2A,19,4,0,1,88.15,26.25,48.89,3,4396.02
CHN-ANN-2A,20,2,0,0,100.0,35.52,45.33,10,1856.03
CHN-ANN-2A,21,3,0,1,90.73,30.68,41.5,15,317.28
CHN-ANN-2A,22,3,0,0,90.13,41.8,46.87,2,945.38
CHN-ANN-2A,23,2,0,1,95.31,31.17,45.06,4,567.89
CHN-ANN-2A,24,3,0,0,82.06,37.38,42.63,7,4412.84
CHN-ANN-2A,25,0,1,0,85.67,37.42,32.1,6,4410.26
CHN-ANN-2A,26,2,0,1,74.63,48.42,30.05,5,595.69
CHN-ANN-2A,27,1,0,0,74.33,47.87,44.49,2,2649.95
CHN-ANN-2A,28,1,1,0,74.87,44.58,55.87,10,1511.51
CHN-ANN-2A,29,2,0,1,71.4,43.45,42.37,6,2274.83
CHN-ANN-2A,30,2,1,0,74.1,52.67,40.41,3,2196.87
CHN-ANN-2A,31,1,1,0,70.9,40.63,38.36,0,1837.21
CHN-ANN-2A,32,1,0,1,68.85,47.79,45.93,7,2267.5
CHN-ANN-2A,33,2,1,0,62.9,51.52,43.3,8,3839.83
CHN-ANN-2A,34,2,2,2,54.03,59.79,49.36,10,1497.66
CHN-ANN-2A,35,2,0,0,50.35,52.2,54.68,15,1899.16
CHN-ANN-2A,36,1,0,0,58.83,51.86,42.88,11,994.77
CHN-ANN-2A,37,2,0,0,47.2,48.06,50.15,9,2186.83
CHN-ANN-2A,38,3,1,0,51.99,58.28,45.15,0,3470.65
CHN-ANN-2A,39,3,2,1,56.17,53.55,43.34,9,962.6
CHN-ANN-2A,40,0,1,1,44.9,55.47,44.78,8,1887.36
CHN-ANN-2A,41,1,1,0,47.16,60.21,49.4,1,1569.72
CHN-ANN-2A,42,3,1,0,52.22,48.29,36.71,2,957.78
CHN-ANN-2A,43,2,0,1,49.74,58.61,46.43,5,4420.62
CHN-ANN-2A,44,2,1,1,63.92,62.12,38.39,13,1683.82
CHN-ANN-2A,45,1,1,0,58.36,57.19,30.63,14,1063.49
CHN-ANN-2A,46,2,1,0,66.47,51.69,40.87,14,3013.66
CHN-ANN-2A,47,1,2,1,62.18,58.9,42.4,13,3970.12
CHN-ANN-2A,48,2,1,0,63.68,46.35,48.98,4,191.23
CHN-ANN-2A,49,0,0,0,66.03,54.48,28.21,5,1025.03
CHN-ANN-2A,50,1,0,0,67.3,44.26,54.51,11,2687.39
CHN-ANN-2A,51,2,1,2,63.91,44.31,47.6,2,3051.8
CHN-ANN-2A,52,1,0,0,68.18,45.03,45.44,9,1899.46
CHN-ANN-2B,1,1,1,0,47.58,40.9,44.41,0,2995.7
CHN-ANN-2B,2,2,1,1,45.81,49.28,47.96,8,996.63
CHN-ANN-2B,3,2,0,0,53.6,41.68,34.61,13,3491.37
CHN-ANN-2B,4,3,0,1,52.16,36.93,38.2,0,3053.9
CHN-ANN-2B,5,2,0,0,60.26,35.74,51.67,15,631.79
CHN-ANN-2B,6,3,0,0,53.65,38.34,36.31,7,4276.93
CHN-ANN-2B,7,0,1,0,68.71,38.75,41.85,9,1067.55
CHN-ANN-2B,8,1,0,0,62.05,39.97,48.41,6,918.95
CHN-ANN-2B,9,3,0,0,60.24,40.15,33.94,9,770.49
CHN-ANN-2B,10,2,1,0,60.34,40.09,34.56,0,4249.83
CHN-ANN-2B,11,4,0,1,62.98,39.76,45.45,8,1708.48
CHN-ANN-2B,12,3,0,1,52.19,36.95,60.21,5,3015.06
CHN-ANN-2B,13,3,0,0,59.45,31.76,42.12,4,4059.54
CHN-ANN-2B,14,3,0,1,57.21,33.8,34.24,12,1737.67
CHN-ANN-2B,15,1,1,1,60.54,40.04,52.08,14,1800.59
CHN-ANN-2B,16,3,1,0,65.68,27.97,49.76,10,3214.17
CHN-ANN-2B,17,2,1,1,64.52,37.99,36.26,4,3193.74
CHN-ANN-2B,18,2,1,1,62.73,35.88,28.49,11,1232.36
CHN-ANN-2B,19,2,0,1,63.45,31.64,48.85,10,2469.75
CHN-ANN-2B,20,1,1,1,58.46,38.77,50.13,3,477.79
CHN-ANN-2B,21,0,0,1,60.24,38.13,48.89,10,3008.14
CHN-ANN-2B,22,1,1,0,58.24,45.03,42.37,7,2364.8
CHN-ANN-2B,23,2,1,0,57.99,44.58,40.33,4,2758.75
CHN-ANN-2B,24,2,0,0,42.37,43.71,44.89,13,4434.07
CHN-ANN-2B,25,1,0,0,58.33,50.79,34.69,5,4650.39
CHN-ANN-2B,26,3,1,0,45.45,49.03,46.31,13,3414.87
CHN-ANN-2B,27,0,1,0,47.38,44.19,49.27,13,4121.64
CHN-ANN-2B,28,1,0,1,40.17,45.33,53.19,6,905.69
CHN-ANN-2B,29,3,1,0,41.84,49.93,39.56,10,952.74
CHN-ANN-2B,30,0,1,0,42.94,46.11,41.81,5,3129.34
CHN-ANN-2B,31,2,1,0,43.8,53.76,38.09,3,2491.06
CHN-ANN-2B,32,1,1,1,40.48,49.07,52.75,11,2877.61
CHN-ANN-2B,33,1,1,1,35.16,53.41,45.03,11,2972.27
CHN-ANN-2B,34,0,1,1,32.7,57.28,49.63,13,520.57
CHN-ANN-2B,35,0,2,0,43.72,57.34,41.41,14,1755.34
CHN-ANN-2B,36,0,1,1,45.06,65.97,46.94,3,39.91
CHN-ANN-2B,37,2,2,0,41.74,60.95,49.74,15,2628.66
CHN-ANN-2B,38,0,1,1,38.1,71.36,47.83,13,4849.55
CHN-ANN-2B,39,2,0,1,39.79,68.76,59.01,2,92.86
CHN-ANN-2B,40,0,1,1,30.93,73.09,54.1,6,17.54
CHN-ANN-2B,41,1,1,1,37.37,53.8,43.28,13,1954.45
CHN-ANN-2B,42,0,1,0,28.68,62.35,46.12,12,3754.54
CHN-ANN-2B,43,0,2,0,37.88,62.25,39.83,5,2371.98
CHN-ANN-2B,44,1,1,0,33.54,65.67,33.81,5,1009.67
CHN-ANN-2B,45,1,1,0,34.59,58.36,50.32,7,2446.75
CHN-ANN-2B,46,3,1,0,38.85,53.01,50.67,7,980.35
CHN-ANN-2B,47,1,1,2,32.99,59.48,52.8,3,4237.7
CHN-ANN-2B,48,0,1,0,43.9,58.03,40.09,10,576.22
CHN-ANN-2B,49,1,1,1,47.04,62.41,36.46,2,558.8
CHN-ANN-2B,50,1,1,1,51.6,57.89,38.29,8,4710.55
CHN-ANN-2B,51,0,1,0,38.49,44.43,52.26,13,2858.7
CHN-ANN-2B,52,1,1,0,52.16,49.93,50.48,0,3067.74
CHN-TNR-1A,1,0,1,1,51.34,46.13,41.59,12,2854.49
CHN-TNR-1A,2,2,1,1,54.6,49.45,43.39,3,523.73
CHN-TNR-1A,3,1,0,1,55.79,44.02,32.26,2,52.67
CHN-TNR-1A,4,1,0,0,62.05,40.43,51.36,7,4017.02
CHN-TNR-1A,5,0,0,0,50.02,41.59,33.7,6,2135.79
CHN-TNR-1A,6,1,1,0,55.75,42.57,52.15,4,4884.41
CHN-TNR-1A,7,2,0,0,56.4,41.81,43.4,2,2753.56
CHN-TNR-1A,8,3,1,1,62.83,37.91,62.07,12,2470.41
CHN-TNR-1A,9,2,0,0,59.66,33.45,45.01,8,3638.91
CHN-TNR-1A,10,2,1,0,56.11,42.29,51.97,14,3751.39
CHN-TNR-1A,11,0,1,0,69.85,48.82,64.16,1,1508.0
CHN-TNR-1A,12,1,0,1,58.55,31.71,48.42,13,280.94
CHN-TNR-1A,13,3,0,0,63.52,39.63,59.43,5,3673.78
CHN-TNR-1A,14,2,0,0,65.26,27.52,32.2,0,571.55
CHN-TNR-1A,15,2,0,0,79.47,36.69,51.08,11,191.94
CHN-TNR-1A,16,2,1,0,62.34,38.02,51.75,13,3054.53
CHN-TNR-1A,17,2,0,0,58.86,40.75,52.76,8,4500.76
CHN-TNR-1A,18,2,0,0,55.9,38.53,43.43,7,204.38
CHN-TNR-1A,19,3,0,1,60.11,35.04,40.54,14,1556.38
CHN-TNR-1A,20,1,0,0,58.87,43.54,41.32,7,3595.72
CHN-TNR-1A,21,0,1,0,64.03,33.29,43.28,12,1139.41
CHN-TNR-1A,22,2,0,0,55.92,38.55,53.41,8,742.37
CHN-TNR-1A,23,1,0,1,62.03,44.87,52.81,5,1663.46
CHN-TNR-1A,24,1,0,0,56.34,49.38,46.83,2,1032.56
CHN-TNR-1A,25,1,1,1,49.66,47.51,39.13,12,4871.87
CHN-TNR-1A,26,2,0,2,56.98,55.25,53.57,3,297.44
CHN-TNR-1A,27,2,1,1,58.25,52.38,39.4,2,2198.49
CHN-TNR-1A,28,0,1,1,36.4,49.38,54.1,11,4368.96
CHN-TNR-1A,29,0,1,0,47.03,55.73,56.53,6,3310.89
CHN-TNR-1A,30,1,0,2,45.12,51.11,31.32,4,2954.49
CHN-TNR-1A,31,0,1,1,41.25,55.77,35.55,5,323.56
CHN-TNR-1A,32,1,1,0,36.53,59.01,38.61,11,1731.34
CHN-TNR-1A,33,1,1,0,40.19,60.06,49.56,14,2658.08
CHN-TNR-1A,34,1,1,1,38.0,61.42,52.27,3,2917.22
CHN-TNR-1A,35,1,1,0,37.78,64.78,56.09,11,1773.89
CHN-TNR-1A,36,2,1,0,38.72,72.51,38.55,4,64.02
CHN-TNR-1A,37,0,1,0,30.12,60.09,42.0,9,205.97
CHN-TNR-1A,38,2,0,0,34.69,61.62,64.04,4,43.8
CHN-TNR-1A,39,3,1,0,36.89,72.13,32.45,3,1364.18
CHN-TNR-1A,40,0,1,1,39.55,67.48,42.74,6,1725.61
CHN-TNR-1A,41,1,1,1,31.07,55.61,48.93,10,1444.61
CHN-TNR-1A,42,0,1,1,28.88,60.55,50.75,4,3870.08
CHN-TNR-1A,43,2,0,0,34.22,61.32,29.04,7,1106.05
CHN-TNR-1A,44,3,1,0,42.14,68.53,39.81,12,721.57
CHN-TNR-1A,45,0,0,0,37.69,60.98,52.95,0,4520.01
CHN-TNR-1A,46,0,1,0,37.39,62.16,50.06,5,4420.96
CHN-TNR-1A,47,2,1,0,38.47,60.52,48.97,4,1256.66
CHN-TNR-1A,48,0,0,0,34.15,64.03,42.04,12,1534.51
CHN-TNR-1A,49,1,1,0,42.46,48.43,39.27,15,3265.87
CHN-TNR-1A,50,1,1,0,36.04,56.14,35.09,9,4182.44
CHN-TNR-1A,51,1,0,0,50.03,52.45,44.92,14,1363.67
CHN-TNR-1A,52,0,1,1,46.15,53.56,33.64,15,1348.49
CHN-ADY-3A,1,3,2,1,69.38,51.72,57.1,0,2157.36
CHN-ADY-3A,2,3,1,0,79.59,49.15,49.73,5,827.58
CHN-ADY-3A,3,4,1,0,80.63,55.94,60.46,12,3861.6
CHN-ADY-3A,4,3,1,0,79.83,45.91,53.97,15,323.91
CHN-ADY-3A,5,0,0,1,83.36,38.92,51.87,12,1613.37
CHN-ADY-3A,6,3,1,0,89.82,49.69,57.47,6,3279.46
CHN-ADY-3A,7,2,0,1,83.56,35.79,57.86,4,3257.49
CHN-ADY-3A,8,4,0,1,88.07,39.54,70.97,5,1626.75
CHN-ADY-3A,9,2,1,0,100.0,36.62,47.26,11,4585.34
CHN-ADY-3A,10,3,1,0,94.65,32.92,51.0,2,2173.67
CHN-ADY-3A,11,1,1,1,97.83,34.5,64.68,8,2364.45
CHN-ADY-3A,12,3,0,1,95.25,33.92,41.18,10,1773.54
CHN-ADY-3A,13,3,0,0,96.56,40.29,49.88,12,3615.27
CHN-ADY-3A,14,2,1,0,91.21,29.07,51.22,13,1625.37
CHN-ADY-3A,15,3,0,1,98.56,24.49,48.67,11,1948.48
CHN-ADY-3A,16,2,0,1,90.74,40.73,42.57,11,1933.54
CHN-ADY-3A,17,2,0,1,100.0,46.25,45.0,15,154.79
CHN-ADY-3A,18,1,0,0,91.49,34.96,61.16,4,1585.88
CHN-ADY-3A,19,4,1,0,85.66,42.77,41.92,3,3111.63
CHN-ADY-3A,20,2,1,0,89.29,36.69,61.74,5,2346.13
CHN-ADY-3A,21,2,1,1,90.13,48.46,38.42,1,727.03
CHN-ADY-3A,22,1,2,0,94.27,43.6,72.43,11,3518.69
CHN-ADY-3A,23,2,1,1,80.24,29.13,58.01,6,4400.15
CHN-ADY-3A,24,1,0,0,86.69,47.3,63.23,14,2063.97
CHN-ADY-3A,25,3,1,1,75.78,50.37,58.92,8,4436.22
CHN-ADY-3A,26,0,1,2,70.69,51.11,62.5,1,2910.61
CHN-ADY-3A,27,1,1,0,71.96,52.04,37.58,14,4070.21
CHN-ADY-3A,28,2,1,1,77.39,57.12,54.15,2,1562.87
CHN-ADY-3A,29,4,1,1,71.22,46.43,63.7,0,2935.03
CHN-ADY-3A,30,2,1,0,66.45,52.87,46.54,5,4521.59
CHN-ADY-3A,31,1,2,0,61.42,63.46,55.64,3,2471.52
CHN-ADY-3A,32,1,2,1,57.14,58.15,48.96,12,3835.32
CHN-ADY-3A,33,1,1,0,60.93,65.2,41.82,3,2552.97
CHN-ADY-3A,34,3,1,2,53.36,64.08,57.68,0,1476.8
CHN-ADY-3A,35,1,1,0,52.51,72.16,61.19,8,1789.09
CHN-ADY-3A,36,1,1,0,51.98,65.74,52.53,1,3630.86
CHN-ADY-3A,37,2,1,2,58.61,68.42,49.59,5,3035.71
CHN-ADY-3A,38,1,1,0,52.11,63.39,51.38,11,1853.25
CHN-ADY-3A,39,1,1,0,57.43,72.26,53.11,9,4833.58
CHN-ADY-3A,40,0,1,0,50.67,70.22,47.09,13,2550.35
CHN-ADY-3A,41,2,0,1,59.32,65.55,38.48,9,4085.77
CHN-ADY-3A,42,1,2,0,53.34,63.05,57.2,7,1655.67
CHN-ADY-3A,43,0,1,1,67.54,56.81,59.91,15,1309.42
CHN-ADY-3A,44,1,2,1,52.83,62.41,41.1,4,3017.86
CHN-ADY-3A,45,1,1,0,55.59,60.71,30.31,8,3762.08
CHN-ADY-3A,46,1,2,0,57.29,69.22,46.01,3,2117.33
CHN-ADY-3A,47,2,1,1,56.99,56.68,57.8,12,1160.31
CHN-ADY-3A,48,0,2,1,66.3,66.07,45.44,0,4644.35
CHN-ADY-3A,49,0,1,0,62.52,60.31,57.74,4,2823.47
CHN-ADY-3A,50,2,2,0,56.78,56.67,50.62,6,2344.03
CHN-ADY-3A,51,2,1,0,68.02,54.6,59.33,9,118.11
CHN-ADY-3A,52,2,0,1,64.51,51.37,49.84,4,4794.34
CHN-MYL-5A,1,2,1,1,32.51,62.87,64.92,14,3889.33
CHN-MYL-5A,2,1,1,1,31.61,53.48,83.62,8,3151.95
CHN-MYL-5A,3,1,1,1,33.7,60.47,81.61,0,2084.75
CHN-MYL-5A,4,0,0,0,28.27,48.57,81.25,0,93.38
CHN-MYL-5A,5,0,1,1,35.54,54.8,72.74,11,2520.09
CHN-MYL-5A,6,2,1,1,42.3,49.75,77.64,15,2133.02
CHN-MYL-5A,7,2,1,1,42.32,52.55,85.83,5,1042.17
CHN-MYL-5A,8,1,0,2,44.58,52.28,71.61,14,3665.2
CHN-MYL-5A,9,0,1,1,41.65,50.67,85.91,15,3651.66
CHN-MYL-5A,10,1,0,1,39.55,40.04,60.76,15,3897.5
CHN-MYL-5A,11,1,0,0,40.28,32.49,87.0,14,1220.53
CHN-MYL-5A,12,0,2,2,45.06,40.86,58.25,4,1209.66
CHN-MYL-5A,13,2,0,0,52.63,37.29,61.37,3,982.61
CHN-MYL-5A,14,1,1,1,30.45,45.82,75.71,6,3260.69
CHN-MYL-5A,15,1,0,1,53.07,37.0,58.44,11,4783.66
CHN-MYL-5A,16,0,1,1,39.51,40.37,73.98,13,4398.35
CHN-MYL-5A,17,2,1,1,36.01,33.47,71.84,3,4629.95
CHN-MYL-5A,18,1,1,1,39.73,42.45,88.36,1,2063.86
CHN-MYL-5A,19,2,1,0,41.75,52.03,85.83,14,3889.47
CHN-MYL-5A,20,0,0,2,37.58,47.92,74.91,14,682.24
CHN-MYL-5A,21,0,1,1,40.94,47.75,73.4,10,623.22
CHN-MYL-5A,22,0,0,1,39.73,43.82,73.02,4,4522.41
CHN-MYL-5A,23,0,1,2,42.82,40.55,78.02,5,4916.97
CHN-MYL-5A,24,0,1,1,38.16,51.06,76.53,15,3495.15
CHN-MYL-5A,25,1,1,1,36.38,47.81,74.06,11,1148.87
CHN-MYL-5A,26,0,1,0,31.38,54.1,68.71,4,3950.14
CHN-MYL-5A,27,2,1,1,28.17,53.66,76.94,2,3742.07
CHN-MYL-5A,28,2,1,1,21.82,64.32,76.88,13,3281.33
CHN-MYL-5A,29,1,1,1,25.67,61.38,76.29,8,1970.77
CHN-MYL-5A,30,0,1,1,33.74,53.48,76.35,9,3303.4
CHN-MYL-5A,31,1,1,1,31.18,67.47,73.91,14,465.12
CHN-MYL-5A,32,0,2,1,28.08,71.55,72.84,14,3077.94
CHN-MYL-5A,33,0,2,1,24.18,77.93,58.05,6,4439.02
CHN-MYL-5A,34,1,2,1,30.2,78.06,67.78,10,4662.4
CHN-MYL-5A,35,0,1,0,22.39,65.44,80.53,12,4380.2
CHN-MYL-5A,36,0,2,1,23.87,79.03,71.68,5,4975.1
CHN-MYL-5A,37,0,2,2,15.13,69.87,83.7,8,2583.48
CHN-MYL-5A,38,0,1,1,20.6,74.23,72.1,13,2372.84
CHN-MYL-5A,39,3,2,2,23.6,70.23,82.14,8,3619.07
CHN-MYL-5A,40,0,1,1,27.59,76.86,64.04,1,2024.72
CHN-MYL-5A,41,1,1,1,30.75,77.56,77.89,2,3895.1
CHN-MYL-5A,42,1,1,1,25.51,75.99,67.08,0,1307.11
CHN-MYL-5A,43,0,1,1,25.83,70.77,78.67,14,4479.06
CHN-MYL-5A,44,2,2,1,20.62,74.14,69.77,1,3285.82
CHN-MYL-5A,45,1,1,1,18.78,66.8,59.42,5,3491.39
CHN-MYL-5A,46,1,2,1,24.34,71.0,75.17,2,459.1
CHN-MYL-5A,47,1,1,0,20.28,64.67,66.77,7,2428.92
CHN-MYL-5A,48,0,1,1,26.78,66.05,66.28,4,4779.49
CHN-MYL-5A,49,0,2,1,24.22,62.86,80.04,11,3042.37
CHN-MYL-5A,50,1,0,2,30.9,61.95,63.31,5,3602.86
CHN-MYL-5A,51,1,1,2,32.99,56.04,74.36,8,3448.38
CHN-MYL-5A,52,2,1,2,34.68,47.6,62.58,0,441.43
CHN-SHN-6A,1,1,1,1,83.16,43.08,60.88,2,2067.38
CHN-SHN-6A,2,2,1,0,94.34,46.04,62.38,15,3180.55
CHN-SHN-6A,3,2,1,1,92.77,38.95,70.19,9,2978.88
CHN-SHN-6A,4,3,0,0,79.9,41.54,42.79,7,2967.18
CHN-SHN-6A,5,3,0,1,100.0,32.88,58.01,5,2643.86
CHN-SHN-6A,6,3,0,1,91.12,37.77,53.91,4,1626.48
CHN-SHN-6A,7,3,0,0,99.67,26.96,50.95,9,4471.06
CHN-SHN-6A,8,2,1,1,99.65,22.69,64.79,12,387.8
CHN-SHN-6A,9,2,0,1,100.0,22.0,53.52,0,868.51
CHN-SHN-6A,10,4,0,0,100.0,27.12,65.55,8,3911.34
CHN-SHN-6A,11,2,1,0,100.0,30.55,56.96,13,4808.16
CHN-SHN-6A,12,3,0,0,100.0,29.55,61.99,6,3115.84
CHN-SHN-6A,13,3,0,0,100.0,22.47,52.31,2,759.27
CHN-SHN-6A,14,4,0,1,100.0,29.59,68.24,7,1871.57
CHN-SHN-6A,15,3,0,0,100.0,38.78,55.62,10,2513.43
CHN-SHN-6A,16,1,0,1,100.0,27.62,70.59,6,2637.67
CHN-SHN-6A,17,1,1,1,100.0,26.41,52.54,9,2182.27
CHN-SHN-6A,18,4,1,1,100.0,32.74,54.07,4,1800.54
CHN-SHN-6A,19,2,0,1,100.0,20.61,61.62,7,4630.92
CHN-SHN-6A,20,4,0,0,100.0,32.11,58.19,4,4514.53
CHN-SHN-6A,21,3,1,0,100.0,32.78,54.06,10,1877.21
CHN-SHN-6A,22,5,0,1,100.0,25.83,62.12,13,4157.84
CHN-SHN-6A,23,3,1,1,99.44,38.3,62.14,6,3544.24
CHN-SHN-6A,24,2,0,0,89.81,31.42,56.79,13,4587.39
CHN-SHN-6A,25,1,0,1,85.68,28.88,78.6,15,276.08
CHN-SHN-6A,26,1,0,1,91.55,35.89,50.67,10,2729.82
CHN-SHN-6A,27,3,1,1,75.75,43.41,60.23,14,4344.48
CHN-SHN-6A,28,2,1,0,82.69,46.79,63.9,7,4308.98
CHN-SHN-6A,29,3,2,2,69.63,38.67,63.47,6,3884.81
CHN-SHN-6A,30,4,0,0,64.12,39.39,48.31,13,189.32
CHN-SHN-6A,31,1,1,0,66.23,41.81,59.79,8,2119.72
CHN-SHN-6A,32,2,1,0,73.48,44.91,49.2,12,2376.44
CHN-SHN-6A,33,2,0,0,56.15,41.92,62.83,11,2597.87
CHN-SHN-6A,34,2,0,1,65.8,50.59,50.37,4,3507.82
CHN-SHN-6A,35,2,0,1,56.9,51.5,44.95,12,4569.05
CHN-SHN-6A,36,0,1,0,59.07,54.23,65.67,8,3591.48
CHN-SHN-6A,37,2,1,0,60.04,48.0,68.92,11,4014.93
CHN-SHN-6A,38,1,1,0,57.64,51.77,58.28,11,4259.69
CHN-SHN-6A,39,0,0,1,61.31,57.0,59.44,6,2439.95
CHN-SHN-6A,40,1,2,1,59.42,45.61,59.19,7,1495.63
CHN-SHN-6A,41,2,2,1,49.06,41.06,69.18,4,2633.86
CHN-SHN-6A,42,0,0,0,64.41,49.98,63.42,5,3450.31
CHN-SHN-6A,43,3,1,0,58.51,37.97,60.29,0,3859.63
CHN-SHN-6A,44,1,0,0,56.91,49.44,60.95,0,63.71
CHN-SHN-6A,45,2,1,1,61.7,52.32,59.45,7,315.38
CHN-SHN-6A,46,1,1,1,66.52,49.94,62.25,0,628.58
CHN-SHN-6A,47,2,1,1,64.42,50.63,54.54,4,3994.57
CHN-SHN-6A,48,3,2,2,63.26,51.63,51.64,14,4467.91
CHN-SHN-6A,49,2,0,1,73.4,43.15,56.65,6,2116.66
CHN-SHN-6A,50,0,1,1,79.54,34.38,66.58,10,4273.19
CHN-SHN-6A,51,3,1,1,81.84,38.13,53.5,11,541.78
CHN-SHN-6A,52,3,0,0,79.41,48.31,64.29,7,853.41
BLR-KOR-1A,1,0,0,1,36.95,49.6,52.98,2,3000.21
BLR-KOR-1A,2,0,1,1,36.2,38.22,71.38,8,4326.4
BLR-KOR-1A,3,0,1,1,41.51,43.83,67.73,10,463.21
BLR-KOR-1A,4,1,1,1,35.92,47.49,75.48,9,1715.57
BLR-KOR-1A,5,2,0,1,39.41,35.46,73.69,13,143.37
BLR-KOR-1A,6,2,1,2,41.65,44.57,82.65,13,186.14
BLR-KOR-1A,7,3,0,1,36.35,41.26,75.49,11,2702.9
BLR-KOR-1A,8,0,0,1,38.76,32.82,78.99,11,4668.58
BLR-KOR-1A,9,2,0,1,40.95,34.79,83.52,3,4089.29
BLR-KOR-1A,10,0,1,1,40.45,31.7,71.81,9,3944.9
BLR-KOR-1A,11,2,0,1,40.77,34.23,77.36,11,3013.52
BLR-KOR-1A,12,0,0,1,45.57,30.84,83.93,8,2431.49
BLR-KOR-1A,13,1,0,1,45.12,29.11,69.26,0,3193.95
BLR-KOR-1A,14,1,0,1,43.43,37.61,67.26,11,3343.0
BLR-KOR-1A,15,2,0,1,48.09,15.59,76.79,9,689.49
BLR-KOR-1A,16,2,0,0,40.01,30.88,59.06,3,1206.1
BLR-KOR-1A,17,1,0,1,51.84,38.49,72.08,12,1521.31
BLR-KOR-1A,18,0,0,2,49.19,29.54,68.07,0,739.42
BLR-KOR-1A,19,2,0,0,47.64,34.46,76.55,13,516.66
BLR-KOR-1A,20,1,1,1,42.95,29.03,66.93,3,753.09
BLR-KOR-1A,21,0,0,1,47.05,36.74,74.58,11,726.5
BLR-KOR-1A,22,1,0,1,40.89,25.52,65.48,9,3691.57
BLR-KOR-1A,23,2,1,1,41.63,41.08,67.56,0,3416.32
BLR-KOR-1A,24,2,1,1,37.93,37.93,76.7,2,2149.69
BLR-KOR-1A,25,0,0,1,32.92,41.71,71.42,14,2065.47
BLR-KOR-1A,26,0,0,1,29.08,37.63,65.94,14,4513.62
BLR-KOR-1A,27,0,0,1,27.2,55.84,83.58,12,2135.01
BLR-KOR-1A,28,2,1,1,32.29,47.56,85.36,5,4036.76
BLR-KOR-1A,29,1,1,1,31.15,51.4,86.93,10,4266.63
BLR-KOR-1A,30,0,1,1,20.48,44.1,73.92,2,1019.73
BLR-KOR-1A,31,1,1,1,36.25,44.91,84.03,6,3896.47
BLR-KOR-1A,32,0,1,1,24.57,52.96,70.11,12,3758.2
BLR-KOR-1A,33,0,0,0,23.66,53.82,67.99,9,1955.64
BLR-KOR-1A,34,0,1,1,32.61,57.26,66.25,14,4607.33
BLR-KOR-1A,35,2,2,1,31.38,60.72,62.55,7,3389.7
BLR-KOR-1A,36,0,1,2,29.95,57.05,65.7,6,631.4
BLR-KOR-1A,37,2,0,2,23.5,46.27,56.82,7,4522.21
BLR-KOR-1A,38,1,1,0,22.86,55.34,61.29,7,2686.66
BLR-KOR-1A,39,0,1,1,30.94,52.83,69.91,8,2662.89
BLR-KOR-1A,40,3,1,1,27.05,61.56,75.34,4,22.3
BLR-KOR-1A,41,0,1,1,14.89,57.49,75.27,13,3090.93
BLR-KOR-1A,42,0,1,1,21.2,56.05,69.08,3,2809.62
BLR-KOR-1A,43,2,2,0,25.31,58.75,63.96,14,74.59
BLR-KOR-1A,44,0,0,0,20.46,59.02,71.35,6,2279.62
BLR-KOR-1A,45,0,1,0,21.73,48.49,77.61,9,1893.59
BLR-KOR-1A,46,1,1,1,25.31,57.14,70.0,0,3885.79
BLR-KOR-1A,47,2,1,1,29.47,48.01,85.57,5,2136.35
BLR-KOR-1A,48,0,1,0,24.98,44.98,60.37,6,2826.01
BLR-KOR-1A,49,0,1,0,31.86,51.75,71.36,15,837.01
BLR-KOR-1A,50,1,1,1,33.72,49.98,77.21,15,3049.32
BLR-KOR-1A,51,2,0,1,24.98,58.62,72.83,9,4847.01
BLR-KOR-1A,52,0,2,1,28.68,45.08,81.41,6,4372.6
BLR-IND-2A,1,1,0,0,51.38,40.33,48.22,12,4813.01
BLR-IND-2A,2,1,1,0,51.95,38.31,38.24,4,2975.14
BLR-IND-2A,3,1,0,0,64.07,47.98,52.68,0,3712.33
BLR-IND-2A,4,2,0,1,60.66,40.61,44.07,1,40.08
BLR-IND-2A,5,1,1,0,63.29,36.46,57.87,10,3505.77
BLR-IND-2A,6,3,1,0,67.79,34.67,53.23,8,1027.63
BLR-IND-2A,7,2,1,1,67.58,25.51,44.64,6,4668.12
BLR-IND-2A,8,1,1,1,71.78,39.43,49.73,3,187.77
BLR-IND-2A,9,0,0,1,69.28,32.0,45.92,9,4564.17
BLR-IND-2A,10,2,1,2,79.02,33.62,55.56,12,3107.06
BLR-IND-2A,11,2,0,1,73.07,30.91,58.57,8,460.02
BLR-IND-2A,12,3,0,1,69.02,29.86,43.92,12,995.03
BLR-IND-2A,13,0,0,0,71.68,23.49,52.02,6,3375.52
BLR-IND-2A,14,0,0,1,67.23,21.07,50.53,13,3087.14
BLR-IND-2A,15,2,0,0,85.29,24.19,62.53,13,3973.9
BLR-IND-2A,16,1,0,1,67.02,27.62,49.79,15,2392.22
BLR-IND-2A,17,0,0,0,59.18,33.82,61.08,2,321.91
BLR-IND-2A,18,1,1,0,70.46,38.07,48.84,7,1959.86
BLR-IND-2A,19,3,0,0,65.75,28.43,52.86,11,1941.24
BLR-IND-2A,20,1,0,0,67.19,40.04,61.26,10,4638.77
BLR-IND-2A,21,1,0,1,64.37,30.94,53.04,13,1260.19
BLR-IND-2A,22,1,0,1,58.34,32.69,40.66,14,4732.83
BLR-IND-2A,23,2,0,1,60.45,35.51,52.51,9,2738.96
BLR-IND-2A,24,4,1,0,64.24,51.41,55.08,14,4663.05
BLR-IND-2A,25,2,0,1,63.22,40.92,52.76,11,4731.85
BLR-IND-2A,26,2,0,1,59.97,35.31,42.9,7,505.07
BLR-IND-2A,27,1,1,1,50.95,45.28,59.1,4,3724.66
BLR-IND-2A,28,2,0,0,60.57,43.63,49.7,4,554.72
BLR-IND-2A,29,1,0,0,42.15,47.26,40.99,8,2916.21
BLR-IND-2A,30,2,0,1,44.49,50.62,44.98,2,1222.3
BLR-IND-2A,31,0,0,1,41.72,44.14,60.6,11,230.39
BLR-IND-2A,32,1,2,1,32.32,56.14,64.37,4,3160.28
BLR-IND-2A,33,0,1,1,53.1,49.59,44.59,3,3766.62
BLR-IND-2A,34,0,0,1,45.97,51.59,49.41,0,3417.17
BLR-IND-2A,35,0,0,1,49.09,54.57,39.38,14,3382.61
BLR-IND-2A,36,1,1,1,37.66,58.4,58.77,7,490.54
BLR-IND-2A,37,0,1,0,43.42,53.91,53.59,0,1186.5
BLR-IND-2A,38,2,1,1,38.25,61.56,41.09,9,4696.21
BLR-IND-2A,39,1,1,1,36.03,56.89,62.52,0,2388.48
BLR-IND-2A,40,0,0,1,29.9,60.26,54.9,14,1638.41
BLR-IND-2A,41,0,1,1,36.22,54.66,46.86,12,1626.01
BLR-IND-2A,42,1,1,2,36.18,65.13,53.24,12,2015.88
BLR-IND-2A,43,1,1,0,40.36,53.96,47.51,14,3796.11
BLR-IND-2A,44,1,1,0,37.3,48.66,41.92,3,3134.9
BLR-IND-2A,45,3,1,0,38.54,57.05,54.39,11,430.04
BLR-IND-2A,46,1,1,1,42.16,52.01,51.7,0,3893.15
BLR-IND-2A,47,0,1,1,44.21,49.24,48.52,12,3616.6
BLR-IND-2A,48,2,1,0,55.51,45.13,47.98,1,2149.48
BLR-IND-2A,49,2,1,1,50.16,45.93,59.59,12,828.98
BLR-IND-2A,50,0,0,0,36.63,45.48,48.03,15,1249.49
BLR-IND-2A,51,0,1,1,50.31,48.64,49.79,11,4321.07
BLR-IND-2A,52,2,1,1,55.0,33.54,44.16,11,2909.72
BLR-WHT-3A,1,1,1,1,89.93,55.11,82.61,10,1605.94
BLR-WHT-3A,2,3,0,1,89.47,61.63,67.3,2,1990.23
BLR-WHT-3A,3,4,2,1,90.16,60.28,79.99,10,2333.54
BLR-WHT-3A,4,3,1,1,95.8,45.19,84.75,10,4141.78
BLR-WHT-3A,5,3,1,1,94.32,43.8,69.72,5,1020.39
BLR-WHT-3A,6,3,0,1,100.0,50.5,60.31,1,1386.86
BLR-WHT-3A,7,3,1,0,98.78,44.45,81.78,1,2662.88
BLR-WHT-3A,8,3,1,1,100.0,48.46,81.97,4,833.31
BLR-WHT-3A,9,3,1,1,100.0,46.71,73.42,7,4317.51
BLR-WHT-3A,10,4,1,1,100.0,49.17,76.12,11,345.49
BLR-WHT-3A,11,4,2,1,99.48,46.32,85.93,4,4091.6
BLR-WHT-3A,12,4,1,0,100.0,39.38,78.87,4,3605.86
BLR-WHT-3A,13,4,0,1,100.0,45.9,85.07,8,4809.4
BLR-WHT-3A,14,3,1,0,100.0,42.35,87.82,7,1829.52
BLR-WHT-3A,15,4,0,1,100.0,40.12,78.96,4,410.54
BLR-WHT-3A,16,4,0,1,100.0,35.59,75.4,4,4930.26
BLR-WHT-3A,17,2,1,1,100.0,44.84,72.8,15,3807.78
BLR-WHT-3A,18,3,0,1,100.0,51.61,83.73,9,4332.94
BLR-WHT-3A,19,4,0,1,92.12,46.67,76.23,3,1510.41
BLR-WHT-3A,20,3,1,2,100.0,46.66,90.11,2,3736.29
BLR-WHT-3A,21,3,1,1,100.0,47.01,91.24,10,3142.84
BLR-WHT-3A,22,3,1,1,100.0,47.25,87.06,1,3342.73
BLR-WHT-3A,23,4,1,1,90.21,54.84,89.8,1,1182.15
BLR-WHT-3A,24,4,2,2,93.08,56.26,100.0,7,3612.47
BLR-WHT-3A,25,3,0,1,97.09,60.9,72.23,6,2295.24
BLR-WHT-3A,26,3,2,2,94.44,59.48,70.25,13,1757.73
BLR-WHT-3A,27,2,1,1,81.75,64.36,72.52,6,440.27
BLR-WHT-3A,28,1,1,1,73.96,62.0,81.11,3,4963.0
BLR-WHT-3A,29,2,1,0,72.31,72.77,91.49,1,2669.35
BLR-WHT-3A,30,2,2,0,84.87,60.93,76.55,8,2677.63
BLR-WHT-3A,31,0,1,1,72.64,77.82,94.31,3,3930.61
BLR-WHT-3A,32,1,1,1,73.52,77.81,73.97,13,1283.61
BLR-WHT-3A,33,3,2,0,62.09,82.35,83.2,0,4769.36
BLR-WHT-3A,34,2,2,0,62.52,75.67,83.72,1,1716.05
BLR-WHT-3A,35,2,3,0,61.83,71.4,88.95,2,4234.84
BLR-WHT-3A,36,0,2,1,52.69,82.28,65.83,12,1283.35
BLR-WHT-3A,37,2,2,1,53.13,78.63,89.81,14,4391.94
BLR-WHT-3A,38,1,1,1,56.57,70.83,77.28,13,784.33
BLR-WHT-3A,39,3,1,0,62.85,85.04,65.78,0,3808.41
BLR-WHT-3A,40,3,1,1,52.11,83.75,71.98,13,1735.78
BLR-WHT-3A,41,2,2,1,51.64,78.6,77.82,7,552.07
BLR-WHT-3A,42,1,1,2,54.59,84.95,88.75,10,4665.4
BLR-WHT-3A,43,3,2,2,51.54,77.81,79.33,7,1914.7
BLR-WHT-3A,44,1,2,1,51.59,80.28,80.42,9,534.75
BLR-WHT-3A,45,0,2,1,60.63,87.43,84.13,12,2217.79
BLR-WHT-3A,46,1,1,1,71.38,65.07,74.0,4,3615.11
BLR-WHT-3A,47,1,1,2,67.56,85.19,81.45,8,3084.86
BLR-WHT-3A,48,1,2,1,67.5,77.96,78.2,15,703.28
BLR-WHT-3A,49,1,1,1,64.5,69.4,79.3,13,2157.37
BLR-WHT-3A,50,3,2,1,78.05,76.22,75.28,3,2655.56
BLR-WHT-3A,51,2,1,0,83.69,75.21,66.75,12,4100.28
BLR-WHT-3A,52,2,1,1,83.31,65.07,72.2,14,929.95
BLR-HSR-4A,1,2,2,1,49.44,53.46,53.64,11,3559.07
BLR-HSR-4A,2,2,1,0,47.51,58.88,58.73,4,651.93
BLR-HSR-4A,3,0,1,1,49.14,58.44,52.72,9,3046.45
BLR-HSR-4A,4,2,0,0,42.35,61.93,41.85,6,1386.19
BLR-HSR-4A,5,1,1,0,53.78,59.04,46.13,2,488.61
BLR-HSR-4A,6,0,1,1,47.46,49.13,51.26,8,2828.43
BLR-HSR-4A,7,1,1,0,57.03,52.07,50.59,11,1002.23
BLR-HSR-4A,8,1,1,0,58.37,49.66,47.51,4,1058.8
BLR-HSR-4A,9,1,1,1,57.04,50.24,60.73,2,2577.72
BLR-HSR-4A,10,2,1,1,67.16,43.85,44.55,5,1082.38
BLR-HSR-4A,11,2,1,0,63.2,45.39,50.77,6,1296.53
BLR-HSR-4A,12,1,0,1,57.75,48.28,37.59,15,670.7
BLR-HSR-4A,13,1,1,1,58.39,49.37,46.55,0,4962.93
BLR-HSR-4A,14,0,1,2,57.5,44.32,58.68,4,3987.01
BLR-HSR-4A,15,1,1,0,59.66,46.21,47.38,10,2557.12
BLR-HSR-4A,16,1,0,0,67.28,46.49,40.65,11,2069.39
BLR-HSR-4A,17,1,1,2,59.0,40.54,43.67,7,4478.6
BLR-HSR-4A,18,1,0,1,67.73,37.64,43.24,13,46.33
BLR-HSR-4A,19,3,1,1,59.31,55.51,53.27,2,3918.44
BLR-HSR-4A,20,2,1,0,57.1,49.65,54.64,11,3240.1
BLR-HSR-4A,21,1,1,0,63.37,50.2,46.3,13,1801.53
BLR-HSR-4A,22,0,1,0,54.37,57.16,57.78,1,2612.46
BLR-HSR-4A,23,2,1,0,54.43,52.4,51.4,12,3081.09
BLR-HSR-4A,24,1,1,1,49.55,51.24,66.12,10,3744.13
BLR-HSR-4A,25,2,2,0,42.71,47.64,62.45,13,4968.92
BLR-HSR-4A,26,0,1,1,51.03,68.93,44.0,15,2592.6
BLR-HSR-4A,27,1,1,1,40.74,63.23,28.43,6,1553.13
BLR-HSR-4A,28,0,2,0,51.73,54.22,54.98,11,2675.68
BLR-HSR-4A,29,1,1,1,39.94,76.21,42.15,6,2520.11
BLR-HSR-4A,30,2,1,0,40.72,69.45,54.16,7,2861.96
BLR-HSR-4A,31,1,1,0,34.97,73.8,45.64,3,1901.28
BLR-HSR-4A,32,1,1,0,54.62,79.02,37.5,11,3804.78
BLR-HSR-4A,33,2,1,0,33.47,74.91,55.03,4,2199.54
BLR-HSR-4A,34,1,1,0,42.78,78.83,52.04,1,790.14
BLR-HSR-4A,35,0,1,0,37.06,66.38,49.63,7,80.33
BLR-HSR-4A,36,0,2,2,38.04,73.79,44.93,10,2340.71
BLR-HSR-4A,37,2,1,0,37.21,81.27,38.02,5,4097.35
BLR-HSR-4A,38,2,2,0,34.56,78.62,42.33,9,1953.53
BLR-HSR-4A,39,1,2,0,27.98,80.81,52.12,0,2588.34
BLR-HSR-4A,40,0,2,0,30.49,80.5,60.43,14,4602.59
BLR-HSR-4A,41,1,2,0,30.77,79.22,49.17,9,617.81
BLR-HSR-4A,42,0,1,0,37.98,86.26,55.65,12,4745.96
BLR-HSR-4A,43,2,1,0,35.78,75.83,43.61,2,3492.38
BLR-HSR-4A,44,0,2,1,39.25,73.45,34.1,13,176.77
BLR-HSR-4A,45,1,1,0,35.63,73.35,43.58,2,175.76
BLR-HSR-4A,46,1,1,0,36.59,73.7,45.84,13,3246.49
BLR-HSR-4A,47,0,1,0,44.12,75.75,59.61,14,4243.01
BLR-HSR-4A,48,2,1,1,46.82,83.04,48.64,15,3152.65
BLR-HSR-4A,49,1,0,0,40.36,77.55,60.89,5,1867.55
BLR-HSR-4A,50,1,2,1,37.87,70.66,49.65,0,4718.33
BLR-HSR-4A,51,2,1,1,45.04,61.8,47.04,15,1301.78
BLR-HSR-4A,52,0,1,0,44.49,66.7,50.86,4,2088.83
MUM-AND-1A,1,0,0,0,27.92,48.12,56.33,13,3302.33
MUM-AND-1A,2,3,0,0,28.21,39.42,54.78,12,302.31
MUM-AND-1A,3,0,1,0,35.42,43.6,50.99,7,3032.83
MUM-AND-1A,4,1,0,1,36.96,41.05,56.93,12,483.47
MUM-AND-1A,5,0,1,2,31.68,36.56,77.55,11,3941.68
MUM-AND-1A,6,1,0,0,37.49,33.45,51.29,4,870.22
MUM-AND-1A,7,0,0,1,34.37,36.5,58.72,14,2978.49
MUM-AND-1A,8,1,0,0,39.69,36.84,42.95,8,2076.71
MUM-AND-1A,9,1,0,1,28.04,41.66,67.64,9,2946.14
MUM-AND-1A,10,2,0,1,38.99,32.5,40.91,5,4456.97
MUM-AND-1A,11,1,0,0,37.89,33.09,48.81,7,3314.12
MUM-AND-1A,12,2,2,0,44.37,37.59,55.37,5,2641.73
MUM-AND-1A,13,0,1,0,46.47,34.12,45.24,7,3323.19
MUM-AND-1A,14,1,0,0,39.23,35.39,52.77,4,1023.34
MUM-AND-1A,15,0,1,1,40.17,29.36,46.56,15,2100.38
MUM-AND-1A,16,1,0,1,31.5,39.28,44.04,3,442.19
MUM-AND-1A,17,1,1,0,40.27,34.48,50.65,3,332.62
MUM-AND-1A,18,1,0,1,41.21,28.11,56.24,11,4196.2
MUM-AND-1A,19,1,0,1,42.26,38.25,52.52,0,2778.7
MUM-AND-1A,20,0,1,0,29.94,35.09,45.56,0,641.07
MUM-AND-1A,21,0,0,0,31.2,35.99,56.31,0,4140.03
MUM-AND-1A,22,2,0,1,40.52,31.66,66.94,4,2189.73
MUM-AND-1A,23,1,0,1,29.74,32.99,73.6,0,4293.29
MUM-AND-1A,24,1,2,0,47.04,44.91,62.54,13,3701.41
MUM-AND-1A,25,1,0,0,36.45,42.03,61.87,12,810.1
MUM-AND-1A,26,0,1,0,26.8,46.02,43.58,13,1064.47
MUM-AND-1A,27,1,0,0,30.11,46.8,62.96,14,2477.94
MUM-AND-1A,28,0,1,1,28.06,54.92,52.26,3,2268.72
MUM-AND-1A,29,1,0,1,27.27,50.21,45.58,15,829.41
MUM-AND-1A,30,0,0,0,26.54,47.27,50.98,4,2510.52
MUM-AND-1A,31,1,1,0,24.41,46.72,46.41,0,3648.03
MUM-AND-1A,32,2,1,0,27.6,47.99,70.09,3,493.31
MUM-AND-1A,33,1,1,1,19.25,46.24,57.13,2,3698.03
MUM-AND-1A,34,1,1,0,29.65,52.21,40.3,3,2367.52
MUM-AND-1A,35,1,1,1,20.67,60.3,54.96,7,1820.6
MUM-AND-1A,36,0,1,0,30.38,58.91,50.27,14,2852.76
MUM-AND-1A,37,0,0,1,26.53,59.57,49.17,10,4959.69
MUM-AND-1A,38,0,0,1,26.52,63.06,41.63,3,3016.21
MUM-AND-1A,39,0,1,2,4.95,59.51,47.97,14,17.44
MUM-AND-1A,40,2,1,0,19.07,60.77,55.5,0,3827.81
MUM-AND-1A,41,0,2,0,25.26,64.66,71.23,3,1062.62
MUM-AND-1A,42,0,2,1,16.09,61.63,67.8,13,4759.01
MUM-AND-1A,43,1,1,0,18.59,64.43,54.93,11,726.07
MUM-AND-1A,44,0,0,0,19.14,54.81,42.25,5,509.1
MUM-AND-1A,45,0,1,0,22.52,62.61,45.1,10,1931.23
MUM-AND-1A,46,0,1,0,25.96,54.27,48.5,1,1708.1
MUM-AND-1A,47,0,1,0,19.67,55.4,63.24,7,4670.97
MUM-AND-1A,48,3,1,1,24.41,54.69,50.26,9,2977.46
MUM-AND-1A,49,0,1,0,25.37,50.81,51.11,11,3908.65
MUM-AND-1A,50,1,1,1,21.37,41.44,48.75,10,3069.63
MUM-AND-1A,51,1,2,0,18.33,43.65,53.83,1,875.38
MUM-AND-1A,52,1,0,1,28.58,47.03,62.05,0,3565.02
MUM-BAN-2A,1,0,1,1,95.28,47.75,29.96,11,3554.37
MUM-BAN-2A,2,3,0,1,93.67,44.52,48.74,10,1039.23
MUM-BAN-2A,3,3,0,0,100.0,33.03,44.41,4,4021.42
MUM-BAN-2A,4,3,1,0,92.8,37.16,41.94,12,3745.65
MUM-BAN-2A,5,5,0,0,99.25,39.29,35.47,13,3432.9
MUM-BAN-2A,6,3,1,1,99.22,42.29,36.58,6,3204.11
MUM-BAN-2A,7,3,1,0,100.0,34.02,51.69,6,3139.09
MUM-BAN-2A,8,3,0,0,100.0,25.18,42.23,4,1065.93
MUM-BAN-2A,9,3,0,0,100.0,35.83,40.28,6,4465.66
MUM-BAN-2A,10,4,0,0,100.0,35.15,54.22,8,1395.6
MUM-BAN-2A,11,4,1,1,100.0,36.23,43.9,14,3234.31
MUM-BAN-2A,12,3,1,0,100.0,29.73,39.67,11,4662.34
MUM-BAN-2A,13,3,0,1,100.0,29.94,43.27,8,274.49
MUM-BAN-2A,14,3,0,0,100.0,34.73,38.08,14,2937.35
MUM-BAN-2A,15,3,0,0,100.0,39.67,46.69,10,4659.86
MUM-BAN-2A,16,3,0,0,100.0,21.52,51.48,13,3210.06
MUM-BAN-2A,17,2,0,0,100.0,26.93,34.79,13,1657.98
MUM-BAN-2A,18,2,0,0,100.0,34.35,57.06,3,738.31
MUM-BAN-2A,19,4,0,0,100.0,36.66,31.66,2,4934.46
MUM-BAN-2A,20,5,0,0,100.0,39.41,49.06,5,3301.67
MUM-BAN-2A,21,3,1,0,95.68,22.23,40.25,9,3049.19
MUM-BAN-2A,22,3,0,1,100.0,35.32,39.76,4,1902.54
MUM-BAN-2A,23,2,1,0,96.86,28.65,36.46,3,4918.32
MUM-BAN-2A,24,3,1,0,94.96,38.19,45.48,0,1199.54
MUM-BAN-2A,25,4,0,0,91.27,40.1,47.36,10,100.93
MUM-BAN-2A,26,3,0,0,94.79,38.11,57.28,9,1667.13
MUM-BAN-2A,27,3,0,0,90.44,43.4,40.77,0,1505.84
MUM-BAN-2A,28,3,1,1,85.1,35.38,28.58,6,3523.95
MUM-BAN-2A,29,2,1,1,75.27,60.15,38.25,1,527.34
MUM-BAN-2A,30,1,1,0,72.74,39.67,47.15,12,1412.14
MUM-BAN-2A,31,1,1,0,72.33,57.58,39.9,9,4878.49
MUM-BAN-2A,32,1,0,0,73.64,50.48,40.47,2,4247.23
MUM-BAN-2A,33,2,1,1,73.32,50.61,53.87,2,3683.25
MUM-BAN-2A,34,1,1,1,70.27,53.97,42.15,2,1558.73
MUM-BAN-2A,35,4,1,1,54.46,57.3,33.63,1,3654.42
MUM-BAN-2A,36,0,2,0,61.49,49.51,44.22,2,4588.22
MUM-BAN-2A,37,1,0,1,54.07,59.39,42.83,6,1997.55
MUM-BAN-2A,38,1,1,1,57.29,50.46,40.38,0,4471.87
MUM-BAN-2A,39,0,2,0,56.86,46.83,49.65,10,4217.65
MUM-BAN-2A,40,0,2,1,64.41,51.76,33.03,3,64.14
MUM-BAN-2A,41,2,1,0,61.07,55.81,45.53,7,3401.42
MUM-BAN-2A,42,1,1,1,48.14,52.13,44.63,13,867.19
MUM-BAN-2A,43,0,1,0,57.94,62.59,36.22,5,4987.59
MUM-BAN-2A,44,4,0,0,67.44,53.95,55.99,11,4688.33
MUM-BAN-2A,45,2,1,0,64.66,53.82,45.04,7,3198.61
MUM-BAN-2A,46,0,1,0,75.9,46.53,47.36,14,4237.26
MUM-BAN-2A,47,2,1,0,71.56,53.02,43.46,0,2363.91
MUM-BAN-2A,48,1,1,0,74.51,50.18,43.42,3,3685.71
MUM-BAN-2A,49,3,1,0,70.23,57.01,47.79,0,1958.65
MUM-BAN-2A,50,3,0,1,69.22,49.06,44.2,14,0.3
MUM-BAN-2A,51,2,1,1,76.88,41.21,42.59,14,2326.45
MUM-BAN-2A,52,3,1,0,74.91,42.86,37.46,13,290.36
MUM-DAD-3A,1,2,0,1,40.19,58.22,68.3,9,2758.97
MUM-DAD-3A,2,0,2,2,32.43,52.41,62.26,9,1602.22
MUM-DAD-3A,3,1,1,2,46.63,56.98,54.53,10,2708.81
MUM-DAD-3A,4,0,2,0,51.12,56.94,66.4,8,3755.78
MUM-DAD-3A,5,0,0,0,54.6,57.0,69.7,11,472.6
MUM-DAD-3A,6,2,0,1,51.65,58.61,60.45,6,69.74
MUM-DAD-3A,7,0,2,0,49.17,43.29,78.96,12,3609.68
MUM-DAD-3A,8,1,1,1,46.97,44.91,64.68,6,2643.32
MUM-DAD-3A,9,2,0,1,63.84,45.6,67.55,10,3619.51
MUM-DAD-3A,10,1,1,0,61.23,47.82,56.33,10,1435.65
MUM-DAD-3A,11,2,1,0,59.75,37.08,74.3,6,1156.47
MUM-DAD-3A,12,2,1,0,61.01,51.76,54.08,12,1287.79
MUM-DAD-3A,13,1,1,1,49.54,45.39,50.03,14,2363.56
MUM-DAD-3A,14,2,0,2,60.97,40.91,58.76,12,3823.96
MUM-DAD-3A,15,1,0,1,64.93,51.84,61.96,1,1379.21
MUM-DAD-3A,16,1,1,0,47.56,41.33,57.63,5,4973.86
MUM-DAD-3A,17,1,1,0,58.82,51.06,60.24,0,4103.63
MUM-DAD-3A,18,0,1,1,45.3,49.18,75.4,9,3120.91
MUM-DAD-3A,19,1,0,0,39.92,39.55,71.32,8,2354.78
MUM-DAD-3A,20,2,1,1,39.17,49.47,66.19,13,3715.19
MUM-DAD-3A,21,1,0,0,53.55,54.6,61.35,8,3142.53
MUM-DAD-3A,22,0,1,1,56.61,48.18,63.32,5,4774.8
MUM-DAD-3A,23,2,0,1,55.49,57.0,54.68,11,2686.4
MUM-DAD-3A,24,2,1,1,45.26,58.13,77.27,12,4791.51
MUM-DAD-3A,25,2,1,1,44.71,60.53,58.72,8,4456.62
MUM-DAD-3A,26,1,0,1,41.88,56.66,51.35,15,4103.97
MUM-DAD-3A,27,3,2,1,39.96,57.56,67.04,3,1711.01
MUM-DAD-3A,28,1,0,1,38.66,62.62,64.55,3,818.61
MUM-DAD-3A,29,0,1,0,41.1,66.37,82.12,5,4461.21
MUM-DAD-3A,30,1,2,1,38.77,68.36,56.71,7,1637.98
MUM-DAD-3A,31,0,2,1,37.72,73.95,54.07,14,3258.22
MUM-DAD-3A,32,0,1,0,33.27,70.69,69.76,13,599.05
MUM-DAD-3A,33,2,1,0,29.98,77.47,60.15,12,238.97
MUM-DAD-3A,34,0,1,2,32.97,79.31,66.4,8,4804.63
MUM-DAD-3A,35,1,1,1,34.26,77.09,67.88,11,585.9
MUM-DAD-3A,36,0,2,1,25.3,79.57,61.89,9,3231.57
MUM-DAD-3A,37,1,2,0,20.13,66.04,62.98,10,1077.38
MUM-DAD-3A,38,0,1,1,23.59,88.1,64.63,6,1445.07
MUM-DAD-3A,39,1,1,1,36.03,68.82,69.29,9,771.4
MUM-DAD-3A,40,1,2,1,25.71,76.44,64.68,3,3340.3
MUM-DAD-3A,41,0,1,1,34.47,87.39,63.94,0,4115.59
MUM-DAD-3A,42,1,1,0,25.89,69.66,79.56,13,2108.13
MUM-DAD-3A,43,0,2,0,15.33,81.87,53.2,9,947.74
MUM-DAD-3A,44,0,1,1,20.15,74.43,60.85,1,3359.04
MUM-DAD-3A,45,1,2,1,29.89,72.79,61.79,1,182.81
MUM-DAD-3A,46,1,1,1,35.1,78.92,71.94,6,4744.89
MUM-DAD-3A,47,1,2,0,37.05,71.22,64.71,13,4769.78
MUM-DAD-3A,48,0,1,1,38.65,67.06,54.68,2,3747.74
MUM-DAD-3A,49,0,2,1,39.76,67.59,77.34,11,494.51
MUM-DAD-3A,50,0,2,1,40.9,61.92,81.73,3,3129.54
MUM-DAD-3A,51,3,0,1,40.44,67.07,59.3,6,3773.17
MUM-DAD-3A,52,1,1,0,40.4,60.64,52.04,0,2154.69
HYD-HIB-1A,1,1,1,1,47.84,46.67,38.51,5,1009.1
HYD-HIB-1A,2,2,0,0,57.89,48.42,37.63,10,2425.07
HYD-HIB-1A,3,2,0,0,56.85,39.62,42.32,14,4400.3
HYD-HIB-1A,4,2,0,0,59.02,40.73,38.07,0,4713.65
HYD-HIB-1A,5,2,0,0,61.87,48.03,27.42,7,2931.5
HYD-HIB-1A,6,2,1,0,60.7,38.12,30.67,9,2880.07
HYD-HIB-1A,7,1,0,1,62.4,34.8,41.78,4,4552.62
HYD-HIB-1A,8,3,1,1,59.97,41.01,36.81,1,3784.19
HYD-HIB-1A,9,0,0,1,63.4,32.04,42.49,10,4869.89
HYD-HIB-1A,10,3,1,1,60.31,35.32,29.69,9,850.46
HYD-HIB-1A,11,2,1,0,71.47,25.36,30.4,5,3550.16
HYD-HIB-1A,12,0,0,0,69.77,41.7,30.25,13,4512.02
HYD-HIB-1A,13,2,0,0,72.67,25.64,19.46,13,1612.9
HYD-HIB-1A,14,2,0,0,74.76,29.09,29.34,12,1484.43
HYD-HIB-1A,15,4,0,0,76.16,32.66,18.47,11,342.99
HYD-HIB-1A,16,3,0,1,67.84,33.18,21.06,3,2087.71
HYD-HIB-1A,17,2,0,0,68.53,32.52,35.3,14,683.7
HYD-HIB-1A,18,3,0,1,64.52,34.22,27.04,14,4807.06
HYD-HIB-1A,19,1,1,1,75.35,27.73,31.44,6,2755.17
HYD-HIB-1A,20,2,1,0,72.2,49.9,26.65,8,4204.06
HYD-HIB-1A,21,2,0,0,68.13,45.97,25.56,11,2991.79
HYD-HIB-1A,22,2,0,0,58.35,38.51,31.42,12,1520.95
HYD-HIB-1A,23,1,1,0,61.18,36.58,28.88,2,767.5
HYD-HIB-1A,24,0,1,0,59.94,41.63,39.28,12,1779.45
HYD-HIB-1A,25,1,1,0,68.62,44.88,26.79,8,4159.61
HYD-HIB-1A,26,1,1,0,45.36,42.56,47.74,5,4493.59
HYD-HIB-1A,27,2,0,0,61.81,44.11,34.69,10,4457.81
HYD-HIB-1A,28,1,0,0,57.02,49.95,29.45,11,1585.33
HYD-HIB-1A,29,3,1,0,44.87,41.16,32.69,1,2188.2
HYD-HIB-1A,30,1,0,1,55.37,41.46,27.29,14,2733.87
HYD-HIB-1A,31,2,2,0,46.91,47.27,44.71,13,2186.62
HYD-HIB-1A,32,2,1,1,50.67,49.88,31.85,4,107.55
HYD-HIB-1A,33,1,1,0,31.53,54.77,34.24,14,3089.32
HYD-HIB-1A,34,2,2,1,38.63,59.34,32.13,1,2636.63
HYD-HIB-1A,35,0,0,0,40.14,57.81,48.37,15,2745.2
HYD-HIB-1A,36,1,1,0,41.53,54.63,40.66,6,2075.85
HYD-HIB-1A,37,0,1,0,48.45,54.13,37.49,15,1360.21
HYD-HIB-1A,38,1,1,0,40.2,59.62,28.65,1,4673.46
HYD-HIB-1A,39,2,0,0,39.66,55.5,21.91,11,434.25
HYD-HIB-1A,40,0,1,0,37.06,62.81,41.29,7,4303.8
HYD-HIB-1A,41,0,1,1,37.2,65.17,36.28,12,1371.74
HYD-HIB-1A,42,1,1,0,40.98,58.13,21.58,15,2134.72
HYD-HIB-1A,43,1,0,1,37.49,58.29,37.59,11,795.73
HYD-HIB-1A,44,2,1,1,37.17,55.7,45.33,12,2591.17
HYD-HIB-1A,45,2,1,1,36.41,56.43,25.5,5,718.88
HYD-HIB-1A,46,2,1,0,41.89,59.4,22.03,4,1158.29
HYD-HIB-1A,47,3,0,1,36.11,51.4,39.39,10,1208.84
HYD-HIB-1A,48,1,1,0,47.83,53.42,30.93,7,4409.26
HYD-HIB-1A,49,1,1,0,47.0,48.65,24.47,12,2913.73
HYD-HIB-1A,50,1,1,0,50.83,56.49,30.09,15,4521.34
HYD-HIB-1A,51,1,1,0,48.77,47.98,21.34,15,672.08
HYD-HIB-1A,52,1,1,0,50.58,43.37,39.07,8,1109.02
HYD-GAC-2A,1,1,1,1,57.85,40.17,66.55,7,3927.52
HYD-GAC-2A,2,2,1,1,64.66,51.21,71.48,10,758.84
HYD-GAC-2A,3,1,0,1,70.07,36.48,76.86,11,1098.26
HYD-GAC-2A,4,3,0,1,66.17,44.01,83.46,1,2582.54
HYD-GAC-2A,5,1,0,0,69.96,41.7,62.5,14,3875.76
HYD-GAC-2A,6,0,1,1,75.89,30.15,67.14,8,2522.41
HYD-GAC-2A,7,3,0,1,73.24,41.73,73.15,15,3697.53
HYD-GAC-2A,8,2,1,1,78.51,36.14,76.63,10,1047.05
HYD-GAC-2A,9,3,0,1,75.98,35.04,70.38,10,4884.63
HYD-GAC-2A,10,3,1,1,86.82,36.04,77.95,7,1939.98
HYD-GAC-2A,11,3,0,1,77.87,26.1,85.15,11,414.67
HYD-GAC-2A,12,2,0,1,81.31,28.02,76.9,2,2627.51
HYD-GAC-2A,13,4,0,1,69.6,31.57,74.44,8,445.7
HYD-GAC-2A,14,3,0,1,81.95,30.42,67.5,9,1673.47
HYD-GAC-2A,15,1,0,1,77.98,25.12,87.32,7,463.03
HYD-GAC-2A,16,2,0,2,76.38,38.77,62.49,15,1679.56
HYD-GAC-2A,17,1,0,0,77.97,34.43,66.44,11,3038.92
HYD-GAC-2A,18,2,0,1,74.42,36.75,82.29,13,4266.23
HYD-GAC-2A,19,1,0,1,73.58,33.58,73.75,13,4391.61
HYD-GAC-2A,20,3,0,2,64.14,36.36,80.86,0,1876.76
HYD-GAC-2A,21,2,0,2,77.61,33.89,79.17,4,2304.26
HYD-GAC-2A,22,2,1,1,67.66,40.21,67.12,0,713.65
HYD-GAC-2A,23,0,0,1,64.61,37.36,75.04,1,4176.22
HYD-GAC-2A,24,1,0,0,65.05,39.72,83.45,5,4452.41
HYD-GAC-2A,25,2,0,2,67.21,42.61,64.29,14,3886.69
HYD-GAC-2A,26,2,0,1,68.86,49.69,67.58,6,1152.37
HYD-GAC-2A,27,0,1,1,59.85,47.23,64.63,8,1658.78
HYD-GAC-2A,28,1,0,1,66.93,43.94,62.83,1,3069.13
HYD-GAC-2A,29,0,1,0,54.85,56.27,85.82,10,1730.13
HYD-GAC-2A,30,0,1,1,59.44,46.22,69.61,14,721.13
HYD-GAC-2A,31,1,2,1,54.33,43.26,75.11,4,3637.04
HYD-GAC-2A,32,1,1,1,44.51,58.35,70.61,2,627.43
HYD-GAC-2A,33,3,1,0,47.9,57.34,71.43,14,866.23
HYD-GAC-2A,34,1,1,1,57.97,53.2,68.56,4,3515.66
HYD-GAC-2A,35,1,1,0,48.02,61.07,64.41,1,212.42
HYD-GAC-2A,36,1,0,1,49.39,70.07,79.7,7,4228.3
HYD-GAC-2A,37,1,1,1,44.46,62.23,69.04,9,261.34
HYD-GAC-2A,38,1,1,1,55.27,61.2,55.96,14,3456.28
HYD-GAC-2A,39,0,1,1,45.01,56.76,80.0,4,1573.78
HYD-GAC-2A,40,1,1,2,51.59,55.78,68.85,15,3605.23
HYD-GAC-2A,41,1,1,2,36.9,54.68,84.76,4,2332.08
HYD-GAC-2A,42,0,1,2,40.91,50.42,64.36,6,2734.58
HYD-GAC-2A,43,2,2,1,48.99,62.54,83.03,0,2043.31
HYD-GAC-2A,44,1,1,0,42.74,52.05,78.61,10,4416.62
HYD-GAC-2A,45,1,2,0,44.77,60.39,68.7,14,2879.64
HYD-GAC-2A,46,1,1,2,41.94,55.49,63.93,6,4096.27
HYD-GAC-2A,47,1,1,1,53.56,48.5,63.43,10,886.82
HYD-GAC-2A,48,2,0,1,62.84,60.7,94.11,6,4584.64
HYD-GAC-2A,49,2,1,1,54.08,52.46,67.63,10,3159.81
HYD-GAC-2A,50,1,1,2,60.11,50.22,74.48,3,4912.18
HYD-GAC-2A,51,0,1,0,63.02,48.84,88.43,12,86.47
HYD-GAC-2A,52,1,1,1,62.29,49.18,59.85,1,3766.94
DEL-CON-1A,1,2,0,1,24.53,21.02,66.17,9,1102.17
DEL-CON-1A,2,0,0,1,22.54,22.64,67.1,2,4360.83
DEL-CON-1A,3,2,0,1,25.47,24.6,65.45,2,4432.99
DEL-CON-1A,4,0,0,1,29.0,22.55,62.29,6,3819.9
DEL-CON-1A,5,0,0,1,28.93,24.04,61.46,4,1767.65
DEL-CON-1A,6,0,0,0,18.61,11.21,79.33,7,4877.44
DEL-CON-1A,7,2,0,1,22.57,11.49,72.06,14,867.23
DEL-CON-1A,8,0,0,1,28.36,17.72,66.66,1,2165.79
DEL-CON-1A,9,0,0,1,25.01,21.01,71.97,13,4142.16
DEL-CON-1A,10,1,1,1,27.71,15.96,65.28,10,2458.41
DEL-CON-1A,11,2,1,0,21.54,14.9,74.22,13,2989.84
DEL-CON-1A,12,1,0,1,24.07,18.7,53.5,8,2463.88
DEL-CON-1A,13,0,0,2,27.0,14.89,75.34,11,1079.68
DEL-CON-1A,14,0,0,2,35.69,23.61,79.69,5,418.82
DEL-CON-1A,15,0,0,1,30.5,7.44,73.49,1,2794.29
DEL-CON-1A,16,0,0,1,28.04,25.48,66.45,10,2741.71
DEL-CON-1A,17,0,0,1,27.27,14.93,68.75,0,3723.75
DEL-CON-1A,18,1,0,1,24.85,19.83,60.58,10,1556.84
DEL-CON-1A,19,0,0,1,21.45,14.54,66.55,15,2559.23
DEL-CON-1A,20,1,1,1,25.9,14.46,81.26,9,3840.18
DEL-CON-1A,21,1,0,1,25.94,22.52,70.95,13,3794.51
DEL-CON-1A,22,0,0,1,27.11,15.16,85.12,3,4546.97
DEL-CON-1A,23,0,0,1,20.23,23.35,74.24,9,790.38
DEL-CON-1A,24,0,1,0,29.95,18.13,55.87,3,2418.48
DEL-CON-1A,25,1,0,1,29.18,18.3,67.68,14,2932.12
DEL-CON-1A,26,2,0,1,17.06,14.74,66.99,14,3160.91
DEL-CON-1A,27,1,0,1,15.9,29.59,68.55,0,3923.57
DEL-CON-1A,28,1,0,1,22.77,25.97,85.97,3,1292.73
DEL-CON-1A,29,1,0,1,25.96,28.56,73.95,11,710.36
DEL-CON-1A,30,1,0,1,17.04,22.04,68.72,2,1367.56
DEL-CON-1A,31,0,0,2,18.75,32.57,61.46,10,3077.73
DEL-CON-1A,32,0,0,1,16.01,34.43,87.88,2,2222.35
DEL-CON-1A,33,0,0,0,11.87,29.39,63.63,5,3374.38
DEL-CON-1A,34,0,0,1,17.87,22.11,57.79,14,409.71
DEL-CON-1A,35,0,0,1,18.52,30.84,58.61,15,3233.11
DEL-CON-1A,36,1,0,1,6.1,25.43,60.2,13,417.43
DEL-CON-1A,37,0,0,1,16.54,33.39,60.96,12,4730.38
DEL-CON-1A,38,0,1,1,9.4,30.77,67.53,6,3123.15
DEL-CON-1A,39,1,1,1,16.79,24.84,80.94,5,1201.29
DEL-CON-1A,40,1,0,1,8.8,37.86,60.84,3,2958.21
DEL-CON-1A,41,0,1,1,9.09,22.98,64.57,7,3349.28
DEL-CON-1A,42,0,1,2,12.57,30.92,68.09,14,1999.31
DEL-CON-1A,43,0,0,1,12.05,25.87,65.69,0,163.91
DEL-CON-1A,44,0,0,1,7.42,26.26,78.37,6,1162.72
DEL-CON-1A,45,1,0,2,24.04,30.32,76.79,2,3778.93
DEL-CON-1A,46,0,1,1,18.11,27.97,59.28,15,1984.47
DEL-CON-1A,47,0,0,0,11.0,28.84,68.84,0,483.08
DEL-CON-1A,48,1,0,1,22.56,18.17,71.45,15,4211.49
DEL-CON-1A,49,0,0,0,13.44,22.38,80.46,5,4896.86
DEL-CON-1A,50,0,1,2,10.61,27.45,69.36,1,249.87
DEL-CON-1A,51,0,0,2,24.92,23.93,67.39,7,4973.98
DEL-CON-1A,52,1,1,0,28.69,26.11,87.01,3,2889.81
DEL-SAK-2A,1,0,1,1,44.74,64.08,54.76,6,2915.27
DEL-SAK-2A,2,0,1,0,37.15,53.38,31.0,11,114.39
DEL-SAK-2A,3,1,1,0,36.51,51.94,50.25,10,3676.34
DEL-SAK-2A,4,1,1,0,43.45,53.71,36.43,13,1907.27
DEL-SAK-2A,5,2,0,1,35.37,47.86,44.82,15,3185.39
DEL-SAK-2A,6,1,1,1,38.76,46.7,64.34,14,822.63
DEL-SAK-2A,7,2,0,1,29.38,49.0,53.86,4,2280.33
DEL-SAK-2A,8,1,0,1,48.43,37.13,70.25,11,176.45
DEL-SAK-2A,9,3,2,1,48.07,40.71,50.71,8,2011.38
DEL-SAK-2A,10,2,1,0,45.78,32.08,50.92,0,2355.77
DEL-SAK-2A,11,1,1,0,40.74,44.21,33.61,4,586.26
DEL-SAK-2A,12,0,0,1,50.77,32.12,51.91,3,3827.61
DEL-SAK-2A,13,2,0,1,43.56,40.14,53.97,14,529.01
DEL-SAK-2A,14,1,0,1,39.69,38.57,47.47,2,1904.99
DEL-SAK-2A,15,1,1,0,49.69,43.57,55.79,7,3084.83
DEL-SAK-2A,16,2,0,1,48.45,39.07,49.14,13,3957.99
DEL-SAK-2A,17,1,0,1,50.68,39.91,45.45,7,2664.51
DEL-SAK-2A,18,0,0,0,49.55,46.37,56.57,3,4175.34
DEL-SAK-2A,19,0,1,0,44.69,35.18,57.41,2,550.26
DEL-SAK-2A,20,2,0,1,43.43,40.73,57.08,7,1414.38
DEL-SAK-2A,21,0,1,1,49.13,44.78,49.15,6,4256.41
DEL-SAK-2A,22,0,2,1,40.94,42.18,59.2,8,341.39
DEL-SAK-2A,23,2,0,0,41.98,45.35,47.36,10,3117.66
DEL-SAK-2A,24,1,1,1,37.61,55.7,49.58,4,1746.63
DEL-SAK-2A,25,0,0,1,44.29,55.87,56.32,15,4606.12
DEL-SAK-2A,26,1,2,1,34.64,52.48,49.26,5,1142.02
DEL-SAK-2A,27,0,2,2,37.23,60.69,47.8,5,596.25
DEL-SAK-2A,28,0,1,1,38.33,58.32,52.43,14,1342.73
DEL-SAK-2A,29,3,1,1,38.82,58.26,39.21,11,4244.33
DEL-SAK-2A,30,1,1,0,35.88,64.67,52.79,8,760.24
DEL-SAK-2A,31,1,1,0,24.14,72.89,45.79,9,72.08
DEL-SAK-2A,32,1,1,0,25.81,68.79,49.43,11,2912.75
DEL-SAK-2A,33,0,0,1,24.91,63.26,51.75,1,4452.35
DEL-SAK-2A,34,2,1,1,28.63,66.9,48.42,3,287.02
DEL-SAK-2A,35,1,1,1,33.31,73.31,54.06,7,4893.67
DEL-SAK-2A,36,0,1,0,32.52,60.11,46.41,13,3523.12
DEL-SAK-2A,37,1,2,2,20.55,64.65,44.83,13,4077.53
DEL-SAK-2A,38,1,1,1,29.85,73.74,60.12,10,4786.91
DEL-SAK-2A,39,0,1,1,23.87,73.28,67.13,0,3437.66
DEL-SAK-2A,40,0,2,1,33.15,70.15,50.49,7,743.78
DEL-SAK-2A,41,0,2,1,27.84,66.1,58.47,0,2271.63
DEL-SAK-2A,42,2,1,0,29.3,72.0,65.17,11,4660.88
DEL-SAK-2A,43,1,2,1,24.73,72.89,49.6,15,3610.16
DEL-SAK-2A,44,0,2,1,18.39,80.88,54.0,1,2808.38
DEL-SAK-2A,45,0,1,1,33.61,77.88,53.68,2,3954.5
DEL-SAK-2A,46,2,1,0,26.93,67.5,46.73,3,455.35
DEL-SAK-2A,47,0,1,0,35.48,67.69,60.81,10,1775.1
DEL-SAK-2A,48,1,1,1,32.03,64.89,54.4,4,1693.5
DEL-SAK-2A,49,1,1,0,26.09,64.79,51.67,13,1356.0
DEL-SAK-2A,50,1,2,0,22.46,63.82,62.39,10,1250.9
DEL-SAK-2A,51,1,2,0,34.99,62.27,36.0,8,692.15
DEL-SAK-2A,52,1,1,1,37.64,61.92,52.02,5,702.42
